address,smart_contract_type,balance,address_annotation
0xb136707642a4ea12fb4bae820f03d2562ebff487,Token,7277385.711515337,WhiteHatDAO
0xc02aaa39b223fe8d0a0e5c4f27ead9083c756cc2,Token,2388624.019101177,"https://weth.io/, 0x Ecosystem, WrappedEther, Stablecoin, WETH9"
0x742d35cc6634c0532925a3b844bc454e4438f44e,Wallet,2167089.221137729,"Bitfinex_5, Exchange Wallet, Exchange, Fiat Gateway"
0x4e9ce36e442e55ecd9025b9a6e0d88485d628a67,Wallet,2152131.546048929,"Binance_6, Binance, Exchange"
0xab7c74abc0c4d48d1bdad5dcb26153fc8780f83e,Multisig,999999.0124631244,Wallet
0xdc76cd25977e0a5ae17155770273ad58648900d3,Wallet,850860.6835022202,"Huobi_6, Exchange Wallet"
0xde0b295669a9fd93d5f28d9ec85e40f4cb697bae,Smart Contract,645173.9063385865,"Ethereum Foundation, EthDev"
0x84ef4b2357079cd7a7c69fd7a37cd0609a679106,Token,598974.3265607895,WhitehatDao2
0x267be1c1d684f78cb4f6a176c4911b741e4ffdc0,Wallet,449802.23146327,"Kraken_4, Exchange Wallet"
0xab5801a7d398351b8be11c439e05c5b3259aec9b,Wallet,350003.59173109464,vitalik buterin
0x3bfc20f0b9afcace800d73d2191166ff16540258,Smart Contract,306276.2723614006,Polkadot_MultiSig
0x1c4b70a3968436b9a0a9cf5205c787eb81bb558c,Wallet,227888.31063433673,"Gate.io_3, Exchange Wallet"
0xe3ecccd6c67da25871fc5ff9a32a6f5c379167a6,Multisig,207437.97,MultiSigWalletWithDailyLimit
0xcafe1a77e84698c83ca8931f54a755176ef75f2c,Multisig,176299.02495763532,"ICO Wallets, Aragon_MultiSig, MultiSigWallet"
0x851b7f3ab81bd8df354f0d7640efcd7288553419,Multisig,172695.81761100006,"Gnosis_MultiSig1, MultiSigWalletWithDailyLimit"
0xa646e29877d52b9e2de457eca09c724ff16d0a2b,Multisig,170798.347970953,"Status_MultiSig, MultiSigWallet"
0x07c62a47ebe0fa853bb83375e488896ce71266df,Multisig,164493.37518376563,MultiSigWalletWithDailyLimit
0x9295022fb35b28c65f7efaf678254823d3acbe53,Multisig,159000.00400000002,MultiSigWalletWithDailyLimit
0x167a9333bf582556f35bd4d16a7e80e191aa6476,Wallet,149673.78223561775,"Coinone, Exchange Wallet"
0x0a869d79a7052c7f1b55a8ebabbea3420f0d1e13,Wallet,132309.21774897302,"Kraken_2, Exchange Wallet"
0xc78310231aa53bd3d0fea2f8c705c67730929d8f,Wallet,132000.68910820337,SingularDTV_Wallet
0x25924128d7e41e9bd241788645ba1de8ba8dd640,Multisig,128529.543,MultiSigWalletWithDailyLimit
0x376c3e5547c68bc26240d8dcc6729fff665a4448,Smart Contract,114939.00001000776,Iconomi_MultiSig1
0x21346283a31a5ad10fa64377e77a8900ac12d469,Multisig,108761.24794052569,iEXEC_MultiSig
0x3f5ce5fbfe3e9af3971dd833d26ba9b5c936f0be,Wallet,102393.11057564813,"Exchange, Binance, Binance_1, Exchange Wallet"
0x0d0707963952f2fba59dd06f2b425ace40b492fe,Wallet,97361.9851820104,"Gate.io_1, Exchange Wallet"
0xb3764761e297d6f121e79c32a65829cd1ddb4d32,Wallet,83017.08577237099,"MultisigExploit-Hacker, Heist"
0xd24400ae8bfebb18ca49be86258a3c749cf46853,Wallet,77376.30550988507,"Gemini_1, Exchange Wallet, Fiat Gateway"
0x32be343b94f860124dc4fee278fdcbd38c102d88,Wallet,71487.44113263705,"Poloniex_1, Exchange Wallet, Poloniex"
0x755cdba6ae4f479f7164792b318b2a06c759833b,Smart Contract,71456.27801307937,"ExtraBalDaoWithdraw, WithdrawDAO"
0x1e143b2588705dfea63a17f2032ca123df995ce0,Smart Contract,67317.25758198086,SafeConditionalHFTransfer
0x1342a001544b8b7ae4a5d374e33114c66d78bd5f,Wallet,59491.41,"Heist, GatecoinHack_2"
0xd4914762f9bd566bd0882b71af5439c0476d2ff6,Wallet,59480.51,"Heist, GatecoinHack_1"
0x5e032243d507c743b061ef021e2ec7fcc6d3ab89,Wallet,57777.57212264904,Upbit
0xb8d2b921c0ea0ca27266fa63907a079ef25084d0,Multisig,55918.73181715666,MultiSigWalletWithDailyLimit
0xdd76b55ee6dafe0c7c978bff69206d476a5b9ce7,Multisig,55004.00000000434,RequestNetwork_MultiSig
0xf5bec430576ff1b82e44ddb5a1c93f6f9d0884f3,Wallet,53256.21984099928,"Yobit, Exchange Wallet"
0x60d0cc2ae15859f69bf74dadb8ae3bd58434976b,Wallet,50936.36343844143,"ZB.com, Exchange"
0x00832a758a781055ac19b5f9bf553db8bb9db32d,Wallet,50689.60361753281,Monetha_Wallet
0x2a0c0dbecc7e4d658f48e01e3fa353f44050c208,DEX,49643.680686611784,"IDEX_1, Dex, Exchange"
0x154af3e01ec56bc55fd585622e33e3dfb8a248d8,Multisig,42422.88196492748,Iconomi_MultiSig2
0x3eb01b3391ea15ce752d01cf3d3f09dec596f650,Multisig,39464.034590410236,"MultiSigWalletWithDailyLimit, Kyber_MultiSig"
0x04786aada9deea2150deab7b3b8911c309f5ed90,Wallet,37257.52257155,"Heist, GatecoinHack_4"
0xbf35faa9c265baf50c9cff8c389c363b05753275,Multisig,36002.585562962435,Wallet
0x74fea5583d51dc763a303609f4164b929e454af7,Multisig,35210.43001274,MultiSigWallet
0x185f19b43d818e10a31be68f445ef8edcb8afb83,Multisig,32835.029114542456,TenX_MultiSig
0xe3031c1bfaa7825813c562cbdcc69d96fcad2087,Wallet,32303.659019979947,"Gopax, Exchange Wallet"
0xaa923cd02364bb8a4c3d6f894178d2e12231655c,Wallet,30789.73243077585,"Cryptopia_Hack2, Heist, Cryptopia Hack"
0x16a0772b17ae004e6645e0e95bf50ad69498a34e,Multisig,30367.382372170254,MultiSigWallet
0x7e6614722614e434c4df9901bab31e466ba12fa4,Multisig,27522.1505770003,"Mysterium_MultiSig, MultiSigWallet"
0xe9eca8bb5e61e8e32f26b5e8c117561f68084a9c,Smart Contract,27501.88387782371,Polybius_MultiSig
0x2910543af39aba0cd09dbb2d50200b3e800a63d2,Wallet,25639.42399373591,"Kraken_1, Exchange Wallet"
0x0f564a2a5fde73349890e86e9b2aa1639994bf2f,Multisig,25202.0,"Storj_MultiSig, MultiSigWalletWithDailyLimit"
0x8d12a197cb00d4747a1fe03395095ce2a5cc6819,DEX,24964.842426244762,"Dex, EtherDelta_2, EtherDelta"
0x00c7122633a4ef0bc72f7d02456ee2b11e97561e,Multisig,24326.60999266521,Raiden_MultiSig
0x1522900b6dafac587d499a862861c0869be6e428,Multisig,24247.312756905536,"Bitstamp, Exchange Wallet"
0x1f973b233f5ebb1e5d7cfe51b9ae4a32415a3a08,Wallet,24138.47367503686,"CEX.IO, Exchange Wallet"
0x9d217bcbd0bfae4d7f8f12c7702108d162e3ab79,Multisig,24075.401189931745,"ICO Wallets, Bloom_MultiSig"
0x43ab622752d766d694c005acfb78b1fc60f35b69,Smart Contract,21704.325572809987,Parity Bug
0xc39e562defc6ddd1f44ee698cf9303092b86051d,Multisig,21448.05712024742,"MultiSigWallet, ICO Wallets, Bancor_MultiSig5"
0xb3775fb83f7d12a36e0475abdd1fca35c091efbe,Token,20888.648679435883,"PowH3D, Hourglass, Fomo3D, Gambling, https://powh.io/"
0xa9c7d31bb1879bff8be25ead2f59b310a52b7c5a,Wallet,20164.6716684893,"Cobo, Wallet App"
0x9c5254d935cf85bb7bebdd8558d3b11cd27a387d,Multisig,20000.04783443918,MultiSigWalletWithDailyLimit
0x3061cfbae69bff0f933353cea20de6c89ab16acc,Multisig,19872.625162881068,"FOAM_MultiSig, MultiSigWalletWithDailyLimit"
0x23c2c34f38ce66ccc10e71e9bb2a06532d52c5e9,Multisig,19797.961952575388,MultiSigWalletWithDailyLimit
0xd20e4d854c71de2428e1268167753e4c7070ae68,Multisig,19719.042378471007,"District0x_MultiSig, MultiSigWalletWithDailyLimit"
0x68c4b7d05fae45bcb6192bb93e246c77e98360e1,Smart Contract,17168.40369424669,"Metronome_Proceeds, Proceeds"
0x915d7915f2b469bb654a7d903a5d4417cb8ea7df,Wallet,16864.949435249044,"FCoin, Exchange Wallet"
0xd551234ae421e3bcba99a0da6d736074f22192ff,Wallet,16180.496519410313,"Exchange, Binance, Binance_2, Exchange Wallet"
0xc6cde7c39eb2f0f0095f41570af89efc2c1ea828,Multisig,16129.984123629998,MultiSigWallet
0x94133870506af5d0644f41a2ee62cc387b81135e,Multisig,16034.3014502526,MultiSigWalletWithDailyLimit
0x15c19e6c203e2c34d1edfb26626bfc4f65ef96f0,Wallet,15000.01814691492,"ICO Wallets, Aeternity_Wallet"
0x876eabf441b2ee5b5b0554fd502a8e0600950cfa,Wallet,14915.229784454896,"Exchange, Bitfinex_4, Exchange Wallet, Fiat Gateway"
0x91bd62e48282ea188998d04570ed8a3e237d3a6a,Multisig,14106.404108586477,MultiSigWallet
0xaa0ae3459f9f3472d1237015cafc1aafc6f03c63,Multisig,13977.936790066997,MultiSigWalletWithDailyLimit
0x035a401972f228b58dcae76bf318b54ed036d680,Multisig,13975.707291754758,"ICO Wallets, Aventus_MultiSig, MultiSigWallet"
0x0681d8db095565fe8a346fa0277bffde9c0edbbf,Wallet,13941.62169994414,"Exchange, Binance, Binance_4, Exchange Wallet"
0x342a6b08baffedd937bcf996f334be5cc3b3a8ed,Multisig,13843.995937372436,MultiSigWallet
0x2b5634c42055806a59e9107ed44d43c426e58258,Wallet,13713.429769260783,"Kucoin, Exchange Wallet"
0x8ee7d9235e01e6b42345120b5d270bdb763624c7,Multisig,13057.41647928551,MultiSigWalletWithDailyLimit
0x24c3235558572cff8054b5a419251d3b0d43e91b,Multisig,12881.757899212505,"Etheroll, Etheroll_MultiSig1"
0x564286362092d8e7936f0549571a803b203aaced,Wallet,12841.077052029656,"Exchange, Binance, Binance_3, Exchange Wallet"
0x95b2eb812ce96cabc6dfd94bfcdae5192e027763,Wallet,12689.204560504417,CPChain_Wallet
0x000000000000000000000000000000000000dead,Wallet,12404.11628341181,"ENS-BurnAddress, ENS"
0xc0829421c1d260bd3cb3e0f06cfe2d52db2ce315,Token,11727.432019859849,"EtherToken, -, Bancor, BancorEtherToken_2"
0xb59a226a2b8a2f2b0512baa35cc348b6b213b671,Token,11721.349447473169,EtherToken
0x65e170e0cfcb1484c9c44905fa0a9209cfe889f7,Multisig,11622.852592049,MultiSigWalletWithDailyLimit
0x240575a32c0b7053ffff01ca7276038c0e28bc01,Multisig,11519.99,MultiSigWalletWithDailyLimit
0x52bc44d5378309ee2abf1539bf71de1b7d7be3b5,Wallet,11384.214179159111,"Nanopool, Mining"
0xdf9191889649c442836ef55de5036a7b694115b6,Wallet,11371.132550986655,Fake_Phishing1431
0x9539e0b14021a43cde41d9d45dc34969be9c7cb0,Wallet,10868.650308762491,"Exchange, Coinbene, Exchange Wallet"
0xaa7427d8f17d87a28f5e1ba3adbb270badbe1011,Token,10539.793886861142,WrapperLockEth
0x9ea7ba960a2668df52ee0389c4617d48853b7006,Multisig,10421.86699795298,MultiSigWallet
0xb3aaaae47070264f3595c5032ee94b620a583a39,Wallet,10191.247836438148,"mew phishing scam, Scam"
0x7891b20c690605f4e370d6944c8a5dbfac5a451c,Wallet,10156.8288589535,"LATOKEN, cold wallet ETH, Exchange, LATOKEN, cold wallet, Exchange, CEX, Exchange Wallet"
0x04c62019ab478bff5874e7b7d9bc84fcf7e30025,Multisig,10146.00299999999,"POANetwork_MultiSig, MultiSigWallet"
0x02dc3b8ab87c562cdce707647bd1ba21c390faf4,Multisig,10100.331974219427,Maecenas_MultiSig
0x5a0b54d5dc17e0aadc383d2db43b0a0d3e029c4c,Wallet,9602.542605633591,"Miner, SparkPool"
0x1706024467ef8c9c4648da6fc35f2c995ac79cf6,Wallet,9416.273894593662,Hero_Wallet
0x1ab1511fed6c6a387d9adb9c5e60e4fb85f69c72,Multisig,9303.197143470006,MultiSigWalletWithDailyLimit
0x4b60b53a6edcd75f0730ecc22579df2079f210b0,Wallet,9273.497388592736,DMarket_Wallet
0xd4dcd2459bb78d7a645aa7e196857d421b10d93f,Wallet,8750.431231840284,"Exchange, BigONE_1, Exchange Wallet, BigONE_HOT"
0x01d5d0108589f3c52fcce6e65503bb6515e66698,Smart Contract,8622.595537192046,DcorpProxy
0xc9222be1574a509f258740c739f8a051f6e738bd,Multisig,8389.361943615457,MultiSigWalletWithDailyLimit
0xac5956be81d94a5d1bc2d07a4e7639f9f8b3d416,Multisig,7851.041671177,MultiSigWalletWithDailyLimit
0xbc270e1095403ba700e537cad46c3fabce5a7270,Multisig,7777.0499999999965,MultiSigWalletWithDailyLimit
0xb674cac98f179f2caf34d5cd37cf0a7f46690984,Multisig,7663.674524949751,MultiSigWalletWithDailyLimit
0xb4e23d717ed13345498f100c9eacbb256916ae1a,Multisig,7600.125621076683,"SentinelProtocol_MultiSig, MultiSigWalletWithDailyLimit"
0x7cc35e344c0c686de0265e35d4cfa18f2945e300,Multisig,7574.387373572337,MultiSigWalletWithDailyLimit
0xb2930b35844a230f00e51431acae96fe543a0347,Wallet,7248.977601476736,"MiningPoolHub_1, Mining"
0x09cabec1ead1c0ba254b09efb3ee13841712be14,DEX,7195.274619751424,Uniswap DAI Pool
0xdb0e7d784d6a7ca2cbda6ce26ac3b1bd348c06f8,Smart Contract,6925.0,Parity Bug
0x91b9d2835ad914bc1dcfe09bd1816febd04fd689,Smart Contract,6767.699071000014,"CappedVault, GodsUnchained_CappedVault, Gods Unchained"
0x3613ef1125a078ef96ffc898c4ec28d73c5b8c52,Wallet,6708.065321497751,Tidex
0x45fde77ff768aa83df468fb1c6ebc5f2bb21dcea,Multisig,6691.259788371302,Cindicator_MultiSig
0xb726da4fbdc3e4dbda97bb20998cf899b0e727e0,Multisig,6516.276850933025,"Exchange, Cobinhood_2, Exchange Wallet"
0xc503ff6074498000ec4a7375730e6cf13010cf3b,Multisig,5881.089180000001,MultiSigWalletWithDailyLimit
0x829bd824b016326a401d083b33d092293333a830,Wallet,5876.3047604416915,"Miner, Mining, F2Pool_2"
0xa7a7899d944fe658c4b0a1803bab2f490bd3849e,Wallet,5656.967235340877,"Dex, IDEX_2, DEX"
0x847c590d780913b394290295a26ea172e12ffbf1,Multisig,5457.040499999999,MultiSigWalletWithDailyLimit
0x7bb187351421c3affda57c7a5132e304f73167c8,Multisig,5313.154699232222,"MultiSigWallet, ICO Wallets, Atonomi_MultiSig"
0x8615f13c12c24dfdca0ba32511e2861be02b93b2,Wallet,5235.844756667778,Melon_Wallet
0x815bde5591933ad1b025b6a34462d7ec02c71710,Multisig,5200.100562312113,MultiSigWallet
0x27218c41e1054dc0484acd2ad35def0ffd17782a,Smart Contract,5146.589497996445,LifMarketValidationMechanism
0xba826fec90cefdf6706858e5fbafcb27a290fbe0,Wallet,5003.4287160858,"Upbit, Exchange Wallet"
0x88e343f4599292c2cffe683c1bb93cd3480bdbab,Wallet,5000.1010000000015,PXN_COLD
0xd5524179cb7ae012f5b642c1d6d700bbaa76b96b,Smart Contract,4890.840202010767,Delegator
0x49eafa4c392819c009eccdc8d851b4e3c2dda7d0,Smart Contract,4524.983603998438,Parity Bug
0x2b3b67c6dffc2bcdda2315491eac9bbe868fbcdd,Wallet,4500.5795038497445,OAX_Wallet
0xafeb0ad2ef7567254473f2bf1c8b025dd9b9000d,Multisig,4394.990000000002,MultiSigWalletWithDailyLimit
0x24228f959974211e0413c08419dd1c7effe5340f,Multisig,4375.5681,MultiSigWalletWithDailyLimit
0xbe17d91c518f1743aa0556425421d59de0372766,Smart Contract,4360.6725,Parity Bug
0x398acb19dca90e917f33a0bb6253a283e7ce8a15,Multisig,4359.690102112865,MultiSigWallet
0x02bf424def13dcaba606493fc940ae432fb2283c,Multisig,4316.229875617107,MultiSigWalletWithDailyLimit
0x2a65aca4d5fc5b5c859090a6c34d164135398226,Wallet,4247.806254724227,"Mining, DwarfPool_1, Miner"
0x126d407584cf73ba5d15102bab0e578a64cca3f1,Wallet,4130.0015081,"Atlant_Wallet1, ICO Wallets"
0x146f2fba9eba1b72d5162a56e3e5da6c0f4808cc,Multisig,3931.4130050000044,"TracetoMultiSig, MultiSigWalletWithDailyLimit"
0x51ca21ed46a9df3cb6f34624cbd482d312996730,Multisig,3887.4441351755495,MultiSigWalletWithDailyLimit
0x9195ded617b464410cdda76f1cef758bcd2faa1b,Multisig,3827.97629,MultiSigWalletWithDailyLimit
0x132911521bf7a86a056e06ed65ef7e43fe9f861c,Wallet,3426.5285784224766,ì½ì¸ë¹ 2ì°¨ì§ê°
0x424e4fc465de37da1f8c91753e3ab4dac4d75747,Multisig,3381.3972999999964,MultiSigWalletWithDailyLimit
0xbd73e675e1fa3d60a302c797df5c82e558da7ce1,Token,3327.530680042941,PantheonEcoSystem
0x4d7c499581ea8512fc1b52900ef7f95e553ef8c7,Multisig,3300.05,MultiSigWalletWithDailyLimit
0xa86a60d53e6f474e049be54824551bb99f05adee,Multisig,3281.350067421637,"Etheroll, Etheroll_MultiSig2"
0x41849f3bd33ced4a21c73fddd4a595e22a3c2251,Smart Contract,3263.661855090447,Parity Bug
0x87a9678952b5d7a7bd450e4695d691e574e26a89,Multisig,3235.6348392209647,MultiSigWalletWithDailyLimit
0xbb73836846033f9d2b46977cf37bcbd6fca57dc3,Smart Contract,3070.4715442599995,MultiSig2of3
0x8655d6bf4abd2aa47a7a4ac19807b26b7609b61d,Smart Contract,3000.0,Parity Bug
0x42da8a05cb7ed9a43572b5ba1b8f82a0a6e263dc,Wallet,2965.686147887449,"Yunbi_2, Exchange Wallet"
0x67a57535b11445506a9e340662cd0c9755e5b1b4,Multisig,2944.250243890752,MultiSigWallet
0x36e6dadc5a045a86dbc9ecfeda5c459784d3537f,Wallet,2834.022744950001,"Atlant_Wallet2, ICO Wallets"
0xffb854de49f7de82af70b591804ae99160616404,Multisig,2832.0172468,MultiSigWalletWithDailyLimit
0x1d6b8ac8023c4858004313b4032519a5c652ed20,Multisig,2699.4302137374834,MultiSigWalletWithDailyLimit
0x5901deb2c898d5dbe5923e05e510e95968a35067,Multisig,2670.781889186433,SingularDTV_MultiSig
0x0da3cb3046f72fcbb49edf01b04ab6efc6c0d8dc,Smart Contract,2576.35360973657,Parity Bug
0x5afc06c035619654927614fac6bc1c0413715e59,Multisig,2525.5600000000004,MultiSigWalletWithDailyLimit
0x04696c970a3ff0a38454f02f471a3f95b8539fa0,Multisig,2462.83299,MultiSigWalletWithDailyLimit
0xd780ae2bf04cd96e577d3d014762f831d97129d0,Token,2441.670957359392,"EVNToken, https://www.envion.org/, Mining"
0x5d86867b340f605f5c2713ae9d021db426bc15e7,Multisig,2393.1852349464,MultiSigWalletWithDailyLimit
0x4b1a99467a284cc690e3237bc69105956816f762,Wallet,2267.575907097917,"Bitmax_2, Exchange"
0x9a2d163ab40f88c625fd475e807bbc3556566f80,DEX,2219.8767972451,Dex
0x274f3c32c90517975e29dfc209a23f315c1e5fc7,Wallet,2204.8190638030815,"Hotbit, Exchange Wallet"
0x236f9f97e0e62388479bf9e5ba4889e46b0273c3,Wallet,2139.5371586801684,"Okex_2, Exchange"
0x0aa5e088235cf537707cd29c8468b96944d049bc,Multisig,2125.485660907576,MultiSigWalletWithDailyLimit
0xb9ee1e551f538a464e8f8c41e9904498505b49b0,Wallet,2114.1171014982897,"Exchange, Coinex, Exchange Wallet"
0xbd6d79f3f02584cfcb754437ac6776c4c6e0a0ec,Wallet,2027.6233105578467,"IDAX, Exchange Wallet"
0x19986fcfbc5ef9b9e377fa8429c5a8d215cbe814,Smart Contract,2000.0,Parity Bug
0xd5a68f19414857151ab5a67e11c0ba6ec151ff3d,Multisig,1955.00018468,MultiSigWalletWithDailyLimit
0xdecaf9cd2367cdbb726e904cd6397edfcae6068d,Wallet,1898.0840205226114,"MyEtherWallet_Donate, Donate"
0x8c8675898360d4115e32c0196e8e0a35d4c29840,Multisig,1869.0411815558741,MultiSigWallet
0x887e1c2bb36e80bd6701019e1d0bca9a29e42ab1,Multisig,1782.1889985299995,MultiSigWalletWithDailyLimit
0x0b7dc5a43ce121b4eaaa41b0f4f43bba47bb8951,Token,1771.1561122689538,EtherToken
0xc03281af336e2c25b41ff893a0e6ce1a932b23af,Multisig,1760.6435172906704,"HelloGoldMultisigWallet, MultiSigWallet"
0x23b61de5076526b3a1026491157c6df731ae8b61,Wallet,1750.6667402567984,DetherWallet
0x6492780dc59598c6f8a4984c6deffd4600ba0003,Smart Contract,1747.0,Parity Bug
0x05b34bf3562c61715f70240104abc6ae8c80055c,Smart Contract,1674.4448877424738,Parity Bug
0x59a5208b32e627891c389ebafc644145224006e8,Wallet,1658.1992400115646,"HitBTC_2, Exchange Wallet"
0x615ed6779507f223d04722d43ccc0cd871964e2a,Multisig,1650.4600770954105,MultiSigWallet
0x72bcfa6932feacd91cb2ea44b0731ed8ae04d0d3,Wallet,1596.2729325536602,"Cashierest, Exchange Wallet"
0x3fcb02a27dc60573a0cb9bff9528fcd77e78d734,Smart Contract,1568.3136055,Parity Bug
0x8958618332df62af93053cb9c535e26462c959b0,Wallet,1567.2422839461808,"Exchange, Cobinhood_1, Exchange Wallet, Cobinhood"
0x33a22bcafd6ef4e4a5e322f9a3910298a3c043a8,Multisig,1536.3899999999994,MultiSigWallet
0x4fed1fc4144c223ae3c1553be203cdfcbd38c581,Wallet,1528.6316092822465,"Cryptonator, Wallet App"
0xd94c9ff168dc6aebf9b6cc86deff54f3fb0afc33,Wallet,1513.105969112605,"Yunbi_1, Exchange Wallet"
0x10e67d60f7a91b593e40e1562eb628e28db83475,Multisig,1500.0896000000012,MultiSigWalletWithDailyLimit
0x4b01721f0244e7c5b5f63c20942850e447f5a5ee,Wallet,1491.2659133524292,"Exchange, CoinExchange.io, Exchange Wallet"
0xa62142888aba8370742be823c1782d17a0389da1,Smart Contract,1484.7072284498154,"Fomo3D:Long, Fomo3D, Gambling, FoMo3Dlong"
0x83c54a35e72ae07c46fc8f8f172a13ba19ac3bed,Multisig,1395.9273230253089,MultiSigWallet
0xc640b901a529c58fb6f6c53665768e2d5c835421,Multisig,1372.7629114719075,Joyso_Wallet
0x04f062809b244e37e7fdc21d9409469c989c2342,Smart Contract,1272.437930132988,"Dex, Joyso, DEX"
0x390de26d772d2e2005c6d1d24afc902bae37a4bb,Wallet,1190.442217978825,"Upbit, Exchange Wallet"
0xd7dfc49e5d13f77830029134fb06f5fa6d5e8ec4,Smart Contract,1176.441164590985,Parity Bug
0x0aef0fdce9b934b6fa5706612d1bc09cfeba44cc,Multisig,1161.0,MultiSigWalletWithDailyLimit
0xaea3846e14bec1ba8f562844d39b1215a1d588c6,Wallet,1160.7040043737222,"Scamming, ICO, Token sale of stablecoin, now ghosting everyone"
0x1ce7ae555139c5ef5a57cc8d814a867ee6ee33d8,DEX,1158.62854999233,"TokenStore, Dex"
0x2e642b8d59b45a1d8c5aef716a84ff44ea665914,DEX,1136.000728087108,Uniswap BAT
0xa30d8157911ef23c46c0eb71889efe6a648a41f7,Wallet,1101.2768625060867,"Exchange, BigONE_2, Exchange Wallet, BigONE"
0xaa90b4aae74cee41e004bc45e45a427406c4dcae,Wallet,1078.6753575088082,"Exchange, Exchange Wallet, BitUN.io, BitUN.io_1"
0x1b3de683a4ff93457b0a27986361a5090e3fbb50,Smart Contract,1061.2772848817863,Parity Bug
0x27b788be487b2ec63c11b6e32ae4f68aa7fc959d,Multisig,1010.0003082999999,MultiSigWalletWithDailyLimit
0x9fa8fa61a10ff892e4ebceb7f4e0fc684c2ce0a9,Token,1003.6240483698513,"hongcoin, HONG"
0xd498c820a05d430dc52752db4c5e52952606f5b8,Multisig,1000.0,MultiSigWallet
0xdd55d5fb464e78840de173c0604b5dd9b73a83d5,Multisig,1000.0,MultiSigWalletWithDailyLimit
0x32c118c2ca3a9c9cc5519b43efc64088bb31d2f6,Multisig,987.9989,MultiSigWalletWithDailyLimit
0xefa351d189c367d109859afdf6f3d17eeb0825a5,Multisig,926.6262861899933,MultiSigWalletWithDailyLimit
0x26e75307fc0c021472feb8f727839531f112f317,Token,914.4938330973348,"C20, https://crypto20.com/, Fund"
0x8f1ce59d6ecc6f7563898a0fd4955c92ae67fe95,Multisig,900.0000000000001,MultiSigWallet
0x3b0bc51ab9de1e5b7b6e34e5b960285805c41736,Wallet,879.2924769230542,"ShapeShift_6, ShapeShift"
0x95f4552f7700e9ad7a773bad1f5cd10dee0e993d,Multisig,875.53417005097,MultiSigWallet
0x59694ac7a5e000b06ab7847ad0ddea6e8b4811cd,Multisig,870.00018906,MultiSigWalletWithDailyLimit
0xc8f48ea7df05e15f3ce3671af7979c066bc54856,Multisig,865.5803111716663,MultiSigWallet
0x167cb3f2446f829eb327344b66e271d1a7efec9a,Token,863.4279417195418,GandhiJi
0x31cba7ad3483f9bff236df556e1c3695736a9615,Multisig,858.1545933499998,MultiSigWalletWithDailyLimit
0x4e646a576917a6a47d5b0896c3e207693870869d,Smart Contract,854.4127637892115,Dice
0x03bdf69b1322d623836afbd27679a1c0afa067e9,Wallet,841.8899940877827,"Bitmax_1, Exchange"
0xa12431d0b9db640034b0cdfceef9cce161e62be4,Wallet,822.6139547101204,"Hitbtc, Exchange Wallet"
0x563b377a956c80d77a7c613a9343699ad6123911,Wallet,805.8750034952993,"ShapeShift_4, ShapeShift"
0xb1c5d524382324c9472c6f8e1a3c0a64465a4902,Multisig,805.7439703310374,PrivatixMultiSigWallet
0xc33f2b46526de2c05b7f5f2c5e0047b28d94855f,Multisig,798.7820301570005,MultiSigWalletWithDailyLimit
0x1c82ee5b828455f870eb2998f2c9b6cc2d52a5f6,Multisig,794.4233606349964,Indorse_MultiSig1
0x8d111abc0ad3f34db58f02db2e215841f801ceee,Multisig,790.1433055004687,MultiSigWalletWithDailyLimit
0x8cc70d4a9fa194a5b4191aa415a81bd8f8bbe2f1,Multisig,787.2847532817875,MultiSigWalletWithDailyLimit
0xd80f53d2d7a79cbb665a5b858b77341778c5c9c1,Wallet,758.3858706640331,"50x.com_Cold_Wallet, 50x.com Cold Wallet"
0xe5a04d98538231b0fab9aba60cd73ce4ff3039df,Smart Contract,746.4336130519819,EtherFlip
0x2299a91cc0bffd8c7f71349da8ab03527b79724f,Smart Contract,744.6012850799996,LandSale_v2
0x5f3ce3907e7e4c5b5b8d04dd3211ca8b81a64733,Smart Contract,741.42724746,Parity Bug
0x2600af6ff553b35e7c0ca97e4a9d9a495620896c,Multisig,737.6687047323665,MultiSigWallet
0x09ab1303d3ccaf5f018cd511146b07a240c70294,Wallet,716.2433523054153,"MinerallPool, Mining"
0xda4a4626d3e16e094de3225a751aab7128e96526,Multisig,715.3205427387027,Wallet
0x3b1355599a89a554ffa37fa9ed508f208a271aa9,Multisig,714.6782299999971,MultiSigWalletWithDailyLimit
0x1e2fbe6be9eb39fc894d38be976111f332172d83,Smart Contract,702.3916222673982,Dice
0xc3ad35d351b33783f27777e2ee1a4b6f96e4ee34,Token,674.6536606388097,E25_Booster
0x94bd4150e41c717b7e7564484693073239715376,Smart Contract,671.6943574815858,Parity Bug
0x90420b8aef42f856a0afb4ffbfaa57405fb190f3,Multisig,636.663436798505,"fdX Crowdsale Wallet, MultiSigWallet"
0xd35a2d8c651f3eba4f0a044db961b5b0ccf68a2d,Multisig,618.7198768750369,MultiSigWalletWithDailyLimit
0xe28e72fcf78647adce1f1252f240bbfaebd63bcc,Smart Contract,610.0019999999023,"Token Sale, ICO Wallets, Augur_TokenSale"
0x60a986fdf7db2a1385704a24603f27bd4f3abcfd,Multisig,601.1294999999999,MultiSigWalletWithDailyLimit
0xa14703b1da572e3ddf4803113eb32159209199db,Smart Contract,600.0,Parity Bug
0x26967201d4d1e1aa97554838defa4fc4d010ff6f,Multisig,590.7127139193102,Indorse_MultiSig2
0x690858a9ab0d9afa707f1438fc175cca6be1a1db,Smart Contract,586.3085601586057,EbcFund
0x0c7cb177b3ccce17f4b955ad7b7b4482cd3b5b1f,Multisig,584.0685325759999,MultiSigWallet
0x4e4e23ac3c11789e23169025503ea4373b01417b,Wallet,581.7379475989893,"KuveraPool, Mining"
0x3911f139e6584f2e0b9adfd7f5b22ffee12bce90,Multisig,581.4003083,MultiSigWalletWithDailyLimit
0x1cabc34618ecf2949f0405a86353e7705e01c38b,Smart Contract,565.93899,LoanManager
0xc14921be9b6706aa2156f51e89e74f6dcfab3bb8,Multisig,565.7100000000003,MultiSigWalletWithDailyLimit
0x382cdf373e45f552ee2d058839883a2c8a931929,Wallet,561.4,Fake_Phishing828
0xa5d1e58ece1fc438d64e65769d2ab730143a4caf,Token,555.2519889024322,RobomedIco
0x4d10962c827881b7d40d338b3f898f4b18475320,Smart Contract,544.1009271299023,RefundEscrow
0x53b04999c1ff2d77fcdde98935bb936a67209e4c,Token,540.6123317189779,VeilEther
0x3504885517a7046af0bf08f3816e1cb3179cced6,Multisig,534.9999999999982,MultiSigWallet
