Insolar,INS,https://github.com/insolar/insolar/graphs/commit-activity,"9,564",24 contributors
0x,ZRX,https://github.com/0xProject/0x.js/graphs/commit-activity,"7,204",56 contributors
Holo,HOT,https://github.com/holochain/holochain-rust/graphs/commit-activity,"6,889",31 contributors
aelf,ELF,https://github.com/aelfProject/AElf/graphs/commit-activity,"5,784",27 contributors
RChain,RHOC,https://github.com/rchain/rchain/graphs/commit-activity,"5,260",49 contributors
TRON,TRX,https://github.com/tronprotocol/java-tron/graphs/commit-activity,"4,821",77 contributors
TrueChain,TRUE,https://github.com/truechain/truechain-engineering-code/graphs/commit-activity,"4,754",35 contributors
Zeusshield,ZSC,https://github.com/zeus-shield/zsc/graphs/commit-activity,"4,454",7 contributors
Zilliqa,ZIL,https://github.com/Zilliqa/Zilliqa/graphs/commit-activity,"4,435",35 contributors
Beam,BEAM,https://github.com/BeamMW/beam/graphs/commit-activity,"3,958",13 contributors
EOS,EOS,https://github.com/eosio/eos/graphs/commit-activity,"3,827",+100 contributors
Raiden,RDN,https://github.com/raiden-network/raiden/graphs/commit-activity,"3,519",67 contributors
Lisk,LSK,https://github.com/LiskHQ/lisk/graphs/commit-activity,"3,490",46 contributors
Loki,LOKI,https://github.com/loki-project/loki-messenger-iOS/graphs/commit-activity,"3,377",75 contributors
NULS,NULS,https://github.com/nuls-io/nuls/graphs/commit-activity,"3,282",12 contributors
Ren,REN,https://github.com/republicprotocol/republic-go/graphs/commit-activity,"2,731",7 contributors
Waves,WAVES,https://github.com/wavesplatform/Waves/graphs/commit-activity,"2,726",43 contributors
Ark,ARK,https://github.com/arkecosystem/core/graphs/commit-activity,"2,663",32 contributors
Skycoin,SKY,https://github.com/skycoin/skycoin/graphs/commit-activity,"2,451",56 contributors
Chainlink,LINK,https://github.com/smartcontractkit/chainlink/graphs/commit-activity,"2,432",22 contributors
Aion,AION,https://github.com/aionnetwork/aion/graphs/commit-activity,"2,274",36 contributors
Cardano,ADA,https://github.com/input-output-hk/cardano-sl/graphs/commit-activity,"2,163",91 contributors
Particl,PART,https://github.com/particl/particl-core/graphs/commit-activity,"2,118",+100 contributors
Ergo,EFYT,https://github.com/ergoplatform/ergo/graphs/commit-activity,"2,049",16 contributors
PARETO,PARETO,https://github.com/ParetoNetwork/ParetoDevelopmentActivityRelay/graphs/commit-activity,"1,989",3 contributors
Aeternity,AE,https://github.com/aeternity/epoch/graphs/commit-activity,"1,856",34 contributors
Status,SNT,https://github.com/status-im/status-react/graphs/commit-activity,"1,854",+100 contributors
Bitcoin,BTC,https://github.com/bitcoin/bitcoin/graphs/commit-activity,"1,841",+100 contributors
Golem,GNT,https://github.com/golemfactory/golem/graphs/commit-activity,"1,789",44 contributors
Stratis,STRAT,https://github.com/stratisproject/StratisBitcoinFullNode/graphs/commit-activity,"1,734",60 contributors
LikeCoin,LIKE,/graphs/commit-activity,"1,671",8 contributors
Semux,SEM,https://github.com/semuxproject/semux/graphs/commit-activity,"1,667",9 contributors
ProChain,PRA,https://github.com/prochain/eos/graphs/commit-activity,"1,652",+100 contributors
Ether-1,ETHO,https://github.com/Ether1Project/ETHOMask/graphs/commit-activity,"1,647",+100 contributors
Selfkey,KEY,https://github.com/SelfKeyFoundation/Identity-Wallet/graphs/commit-activity,"1,569",18 contributors
YGGDRASH,YEED,https://github.com/yggdrash/yggdrash/graphs/commit-activity,"1,542",10 contributors
Genesis,GVT,https://github.com/GenesisVision/core/graphs/commit-activity,"1,511",9 contributors
OriginTrail,TRAC,/graphs/commit-activity,"1,455",13 contributors
GlobalToken,GLT,https://github.com/globaltoken/globaltoken/graphs/commit-activity,"1,431",+100 contributors
Gulden,NLG,https://github.com/Gulden/gulden-official/graphs/commit-activity,"1,341",+100 contributors
Zeon,ZEON,https://github.com/ZeonNetwork/tokens/graphs/commit-activity,"1,330",+100 contributors
Storj,STORJ,https://github.com/Storj/storj/graphs/commit-activity,"1,270",34 contributors
LUXCoin,LUX,https://github.com/LUX-Core/lux/graphs/commit-activity,"1,233",27 contributors
Bottos,BTO,https://github.com/Bottos-project/bottos/graphs/commit-activity,"1,224",14 contributors
WOLLO,WLO,https://github.com/pigzbe/pigzbe-app/graphs/commit-activity,"1,220",5 contributors
Mysterium,MYST,https://github.com/MysteriumNetwork/node/graphs/commit-activity,"1,192",16 contributors
Nebulas,NAS,https://github.com/nebulasio/go-nebulas/graphs/commit-activity,"1,136",31 contributors
Monero,XMR,https://github.com/monero-project/monero/graphs/commit-activity,"1,133",+100 contributors
Qtum,QTUM,https://github.com/qtumproject/qtum/graphs/commit-activity,"1,130",+100 contributors
Groestlcoin,GRS,https://github.com/Groestlcoin/groestlcoin/graphs/commit-activity,"1,101",+100 contributors
SONM,SNM,https://github.com/sonm-io/core/graphs/commit-activity,"1,093",18 contributors
Grin,GRIN,https://github.com/mimblewimble/grin/graphs/commit-activity,"1,088",+100 contributors
Ethereum,ETH,https://github.com/ethereum/go-ethereum/graphs/commit-activity,"1,083",+100 contributors
Micromines,MICRO,https://github.com/micromines/token-profile/graphs/commit-activity,"1,068",+100 contributors
BetterBetting,BETR,/graphs/commit-activity,"1,065",+100 contributors
FundRequest,FND,/graphs/commit-activity,"1,062",10 contributors
Syscoin,SYS,https://github.com/syscoin/syscoin2/graphs/commit-activity,"1,049",+100 contributors
CrypticCoin,CRYP,https://github.com/crypticcoinvip/CrypticCoin/graphs/commit-activity,"1,026",+100 contributors
NIX,NIX,/graphs/commit-activity,"1,025",+100 contributors
Bitcoin,BCH,https://github.com/Bitcoin-ABC/bitcoin-abc/graphs/commit-activity,"1,021",+100 contributors
eXPerience,XPC,https://github.com/xpc-wg/xpchain/graphs/commit-activity,"1,007",+100 contributors
Komodo,KMD,https://github.com/jl777/SuperNET/graphs/commit-activity,"1,000",41 contributors
Ulord,UT,https://github.com/UlordChain/UlordChain/graphs/commit-activity,993,13 contributors
Nano,NANO,https://github.com/nanocurrency/nano-node/graphs/commit-activity,985,53 contributors
Feathercoin,FTC,https://github.com/FeatherCoin/Feathercoin/graphs/commit-activity,951,+100 contributors
Absolute,ABS,https://github.com/absolute-community/absolute/graphs/commit-activity,950,+100 contributors
POA,POA,/graphs/commit-activity,944,13 contributors
BitShares,BTS,https://github.com/bitshares/bitshares-core/graphs/commit-activity,943,51 contributors
Factom,FCT,https://github.com/FactomProject/factomd/graphs/commit-activity,922,56 contributors
Kyber,KNC,https://github.com/kybernetwork/KyberWallet/graphs/commit-activity,910,14 contributors
Universa,UTNP,https://github.com/UniversaBlockchain/universa/graphs/commit-activity,893,11 contributors
AdShares,ADS,https://github.com/adshares/adserver/graphs/commit-activity,880,7 contributors
Bitcoin,BCD,https://github.com/eveybcd/BitcoinDiamond/graphs/commit-activity,878,+100 contributors
Ontology,ONT,https://github.com/ontio/ontology/graphs/commit-activity,835,49 contributors
DigiByte,DGB,https://github.com/digibyte/digibyte/graphs/commit-activity,829,+100 contributors
NavCoin,NAV,https://github.com/NAVCoin/navcoin-core/graphs/commit-activity,824,17 contributors
Rocket,RPL,https://github.com/rocket-pool/rocketpool/graphs/commit-activity,811,7 contributors
Litecoin,LTC,https://github.com/litecoin-project/litecoin/graphs/commit-activity,807,+100 contributors
FujiCoin,FJC,https://github.com/fujicoin/fujicoin/graphs/commit-activity,802,+100 contributors
Ether,ETZ,/graphs/commit-activity,798,+100 contributors
Olympus,MOT,https://github.com/Olympus-Labs/Hora/graphs/commit-activity,795,8 contributors
TurtleCoin,TRTL,https://github.com/turtlecoin/turtlecoin/graphs/commit-activity,792,50 contributors
Sentinel,SENT,https://github.com/sentinel-official/sentinel/graphs/commit-activity,791,15 contributors
VeThor,VTHO,https://github.com/vechain/thor/graphs/commit-activity,782,12 contributors
CoinFi,COFI,/graphs/commit-activity,772,12 contributors
Monero,XMC,/graphs/commit-activity,763,+100 contributors
Genaro,GNX,https://github.com/GenaroNetwork/GenaroCore/graphs/commit-activity,758,15 contributors
Bytom,BTM,https://github.com/Bytom/bytom/graphs/commit-activity,747,27 contributors
Rise,RISE,https://github.com/RiseVision/rise-node/graphs/commit-activity,743,31 contributors
Neblio,NEBL,https://github.com/NeblioTeam/neblio/graphs/commit-activity,743,11 contributors
Distributed,DCC,https://github.com/DistributedBanking/DCC/graphs/commit-activity,737,14 contributors
Scorum,SCR,https://github.com/Scorum/Scorum/graphs/commit-activity,727,40 contributors
Steem,SBD,https://github.com/steemit/steem/graphs/commit-activity,707,61 contributors
Steem,STEEM,https://github.com/steemit/steem/graphs/commit-activity,707,61 contributors
IoTeX,IOTX,/graphs/commit-activity,702,19 contributors
Trinity,TNC,/graphs/commit-activity,694,6 contributors
Zcash,ZEC,https://github.com/zcash/zcash/graphs/commit-activity,682,+100 contributors
Pascal,PASC,https://github.com/PascalCoin/PascalCoin/graphs/commit-activity,677,10 contributors
Spectrecoin,XSPEC,https://github.com/spectrecoin/spectre/graphs/commit-activity,661,9 contributors
uPlexa,UPX,https://github.com/uPlexa/uplexa/graphs/commit-activity,650,+100 contributors
DasCoin,DASC,/graphs/commit-activity,622,20 contributors
VoteCoin,VOT,https://github.com/Tomas-M/VoteCoin/graphs/commit-activity,608,+100 contributors
Linda,LINDA,https://github.com/TheLindaProjectInc/Linda/graphs/commit-activity,600,5 contributors
Stakenet,XSN,https://github.com/X9Developers/XSN/graphs/commit-activity,596,+100 contributors
Siacoin,SC,https://github.com/NebulousLabs/Sia/graphs/commit-activity,593,50 contributors
Golos,GOLOS,https://github.com/GolosChain/golos/graphs/commit-activity,579,37 contributors
Syndicate,SYNX,https://github.com/SyndicateLtd/SyndicateQT/graphs/commit-activity,575,+100 contributors
Aphelion,APH,/graphs/commit-activity,575,8 contributors
sUSD,SUSD,https://github.com/Havven/havven/graphs/commit-activity,544,12 contributors
POPCHAIN,PCH,/graphs/commit-activity,520,14 contributors
Binance,BNB,https://github.com/bnb2dev//graphs/commit-activity,516,+100 contributors
Quantum,QRL,https://github.com/theQRL/QRL/graphs/commit-activity,512,27 contributors
Amoveo,VEO,https://github.com/zack-bitcoin/amoveo/graphs/commit-activity,508,48 contributors
Apollo,APL,/graphs/commit-activity,505,8 contributors
ION,ION,https://github.com/ionomy/ion/graphs/commit-activity,504,23 contributors
IOTA,MIOTA,https://github.com/iotaledger/iri/graphs/commit-activity,503,46 contributors
Dash,DASH,https://github.com/dashpay/dash/graphs/commit-activity,494,+100 contributors
Litecoin,LCC,/graphs/commit-activity,492,+100 contributors
Loopring,LRN,/graphs/commit-activity,486,12 contributors
NKN,NKN,/graphs/commit-activity,480,26 contributors
Ravencoin,RVN,https://github.com/RavenProject/Ravencoin/graphs/commit-activity,464,+100 contributors
Stellar,XLM,https://github.com/stellar/stellar-core/graphs/commit-activity,461,56 contributors
DAOstack,GEN,/graphs/commit-activity,457,21 contributors
Asch,XAS,https://github.com/AschPlatform/asch/graphs/commit-activity,456,15 contributors
Bridge,TOLL,/graphs/commit-activity,447,46 contributors
ThingsOperatingSystem,TOS,https://github.com/TOSIO/tos/graphs/commit-activity,445,33 contributors
Bulwark,BWK,https://github.com/bulwark-crypto/Bulwark/graphs/commit-activity,437,17 contributors
PIVX,PIVX,https://github.com/PIVX-Project/PIVX/graphs/commit-activity,428,+100 contributors
Decred,DCR,https://github.com/decred/dcrd/graphs/commit-activity,422,98 contributors
Crown,CRW,https://github.com/Crowndev/crowncoin/graphs/commit-activity,420,+100 contributors
Own,CHX,/graphs/commit-activity,417,7 contributors
Rupaya,RUPX,https://github.com/rupaya-project/rupx/graphs/commit-activity,410,+100 contributors
Zcoin,XZC,https://github.com/zcoinofficial/zcoin/graphs/commit-activity,406,29 contributors
Burst,BURST,https://github.com/PoC-Consortium/burstcoin/graphs/commit-activity,405,37 contributors
VITE,VITE,/graphs/commit-activity,389,7 contributors
iExec,RLC,https://github.com/iExecBlockchainComputing/xtremweb-hep/graphs/commit-activity,382,6 contributors
Basic,BAT,https://github.com/brave/browser-laptop/graphs/commit-activity,375,+100 contributors
Pirl,PIRL,https://github.com/pirl/pirl/graphs/commit-activity,373,6 contributors
Nexus,NXS,https://github.com/Nexusoft/Nexus/graphs/commit-activity,365,17 contributors
Phore,PHR,https://github.com/phoreproject/Phore/graphs/commit-activity,361,+100 contributors
NEXT,NET,https://github.com/nimiq-network/core/graphs/commit-activity,361,34 contributors
DarexTravel,DART,https://github.com/DarexTravel/MyCrypto/graphs/commit-activity,356,51 contributors
Iconic,ICON,https://github.com/icon-project/loopchain/graphs/commit-activity,353,10 contributors
Aeon,AEON,https://github.com/aeonix/aeon/graphs/commit-activity,351,+100 contributors
Wagerr,WGR,https://github.com/wagerr/wagerr/graphs/commit-activity,341,14 contributors
Graft,GRFT,/graphs/commit-activity,338,+100 contributors
Excaliburcoin,EXC,/graphs/commit-activity,335,4 contributors
Request,REQ,https://github.com/RequestNetwork/requestNetwork.js/graphs/commit-activity,334,13 contributors
TrustNote,TTT,/graphs/commit-activity,334,3 contributors
Ethereum,ETC,https://github.com/ethereumproject/go-ethereum/graphs/commit-activity,334,98 contributors
Blocknet,BLOCK,https://github.com/BlocknetDX/BlockDX/graphs/commit-activity,328,+100 contributors
Global,GSC,/graphs/commit-activity,325,4 contributors
Polis,POLIS,https://github.com/polispay/polis/graphs/commit-activity,321,+100 contributors
Bitcoin,BSV,https://github.com/bitcoin-sv/bitcoin-sv/graphs/commit-activity,309,+100 contributors
MyBit,MYB,/graphs/commit-activity,296,6 contributors
Bitmark,BTM2,https://github.com/project-bitmark/bitmark/graphs/commit-activity,295,10 contributors
Emercoin,EMC,https://github.com/emercoin/emercoin/graphs/commit-activity,292,+100 contributors
X-CASH,XCASH,https://github.com/X-CASH-official/X-CASH/graphs/commit-activity,289,+100 contributors
Bancor,BNT,https://github.com/bancorprotocol/contracts/graphs/commit-activity,288,14 contributors
DeepOnion,ONION,https://github.com/deeponion/deeponion/graphs/commit-activity,287,28 contributors
ACChain,ACC2,https://github.com/adcoin-project/AdCoin/graphs/commit-activity,274,+100 contributors
Bluzelle,BLZ,https://github.com/bluzelle/bluzelle/graphs/commit-activity,272,12 contributors
Substratum,SUB,https://github.com/SubstratumNetwork/SubstratumNode/graphs/commit-activity,272,10 contributors
Colu,CLN,/graphs/commit-activity,268,6 contributors
Karbo,KRB,/graphs/commit-activity,261,14 contributors
GridCoin,GRC,https://github.com/gridcoin/Gridcoin-Research/graphs/commit-activity,247,45 contributors
Nexty,NTY,/graphs/commit-activity,244,4 contributors
BiblePay,BBP,https://github.com/biblepay/biblepay/graphs/commit-activity,242,9 contributors
XRP,XRP,https://github.com/ripple/rippled/graphs/commit-activity,241,66 contributors
Litecoin,LCP,https://github.com/Crypto-Currency/litecoinplus/graphs/commit-activity,237,2 contributors
Nerva,XNV,https://github.com/angrywasp/nerva/graphs/commit-activity,235,2 contributors
VeriSafe,VSF,https://github.com/VeriSafe/openzeppelin-solidity/graphs/commit-activity,235,+100 contributors
Neutron,NTRN,https://github.com/neutroncoin/neutron/graphs/commit-activity,235,7 contributors
ColossusXT,COLX,https://github.com/ColossusCoinXT/ColossusCoinXT/graphs/commit-activity,230,+100 contributors
HyperCash,HC,https://github.com/HcashOrg/hcd/graphs/commit-activity,228,12 contributors
Boolberry,BBR,/graphs/commit-activity,228,13 contributors
SmartMesh,SMT,https://github.com/SmartMeshFoundation/SMChain/graphs/commit-activity,211,8 contributors
SIBCoin,SIB,https://github.com/ivansib/sibcoin/graphs/commit-activity,202,+100 contributors
Chronobank,TIME,https://github.com/ChronoBank/SmartContracts/graphs/commit-activity,197,13 contributors
PACcoin,$PAC,/graphs/commit-activity,197,+100 contributors
SpeedCash,SCS,/graphs/commit-activity,193,3 contributors
NEO,NEO,https://github.com/neo-project/neo/graphs/commit-activity,193,30 contributors
Lendingblock,LND,/graphs/commit-activity,188,6 contributors
doc.com,MTC,/graphs/commit-activity,186,4 contributors
Cloudbric,CLB,https://github.com/Cloudbric-Project/ethereum-lists/graphs/commit-activity,185,+100 contributors
Cryptaur,CPT,/graphs/commit-activity,185,6 contributors
Ignition,IC,/graphs/commit-activity,183,10 contributors
Aragon,ANT,https://github.com/aragon/aragonOS/graphs/commit-activity,181,24 contributors
Augur,REP,https://github.com/AugurProject/augur-core/graphs/commit-activity,180,26 contributors
NoLimitCoin,NLC2,https://github.com/NoLimitCoin/Nolimitcoin-Core/graphs/commit-activity,179,7 contributors
VIT,VIT,/graphs/commit-activity,171,5 contributors
Safe,SAFEX,https://github.com/safex/node-xmrig/graphs/commit-activity,171,13 contributors
QLC,QLC,https://github.com/qlinkdev/qlink/graphs/commit-activity,166,8 contributors
Neumark,NEU,https://github.com/Neufund/TypeChain/graphs/commit-activity,165,14 contributors
Apollon,XAP,https://github.com/apollondeveloper/ApollonCore/graphs/commit-activity,153,+100 contributors
FantasyGold,FGC,https://github.com/FantasyGold/FantasyGold-Core/graphs/commit-activity,153,2 contributors
Loopring,LRC,https://github.com/loopring/protocol/graphs/commit-activity,152,12 contributors
United,UBTC,https://github.com/UnitedBitcoin/UnitedBitcoin/graphs/commit-activity,151,+100 contributors
Stellite,XTL,/graphs/commit-activity,150,5 contributors
Anoncoin,ANC,https://github.com/Anoncoin/anoncoin/graphs/commit-activity,148,+100 contributors
SPINDLE,SPD,/graphs/commit-activity,147,8 contributors
PWR,PWR,/graphs/commit-activity,147,3 contributors
Help,HTH,https://github.com/HTHcoin/HTH/graphs/commit-activity,147,10 contributors
Ryo,RYO,/graphs/commit-activity,143,8 contributors
Bitcoin,BITG,/graphs/commit-activity,141,5 contributors
B3Coin,KB3,/graphs/commit-activity,138,6 contributors
Terracoin,TRC,https://github.com/terracoin/terracoin/graphs/commit-activity,135,+100 contributors
Myriad,XMY,https://github.com/myriadteam/myriadcoin/graphs/commit-activity,135,+100 contributors
Digitalcoin,DGC,https://github.com/lomtax/digitalcoin/graphs/commit-activity,133,+100 contributors
Arionum,ARO,https://github.com/arionum/node/graphs/commit-activity,132,5 contributors
Matryx,MTX,https://github.com/matryx/calcflow/graphs/commit-activity,127,7 contributors
OneLedger,OLT,/graphs/commit-activity,126,2 contributors
OmiseGO,OMG,https://github.com/omisego/plasma-mvp/graphs/commit-activity,125,24 contributors
Super,SBTC,https://github.com/superbitcoin/SuperBitcoin/graphs/commit-activity,122,+100 contributors
Social,SEND,https://github.com/SocialSend/SocialSend/graphs/commit-activity,120,9 contributors
Electroneum,ETN,https://github.com/electroneum/electroneum/graphs/commit-activity,120,+100 contributors
Niobio,NBR,https://github.com/niobio-cash/niobio-node-daemon/graphs/commit-activity,117,16 contributors
LTO,LTO,https://github.com/legalthings/eth-contract-metadata/graphs/commit-activity,116,+100 contributors
MNPCoin,MNP,https://github.com/MasterNodesPro/MNPCoin/graphs/commit-activity,115,5 contributors
Peercoin,PPC,https://github.com/peercoin/peercoin/graphs/commit-activity,113,+100 contributors
Rublix,RBLX,/graphs/commit-activity,113,4 contributors
Maker,MKR,https://github.com/makerdao/pyexchange/graphs/commit-activity,112,4 contributors
ARbit,ARB2,/graphs/commit-activity,111,3 contributors
Coinvest,COIN,/graphs/commit-activity,111,5 contributors
BitClave,CAT,/graphs/commit-activity,110,4 contributors
Winding,LIF,/graphs/commit-activity,110,9 contributors
Humanscape,HUM,https://github.com/humanscape/token-profile/graphs/commit-activity,109,42 contributors
Verge,XVG,https://github.com/vergecurrency/VERGE/graphs/commit-activity,108,54 contributors
Sharder,SS,/graphs/commit-activity,106,5 contributors
Narrative,NRVE,/graphs/commit-activity,105,3 contributors
Bee,BEE,/graphs/commit-activity,105,6 contributors
AirSwap,AST,https://github.com/airswap/auto-remediate/graphs/commit-activity,103,9 contributors
Hush,HUSH,https://github.com/MyHush/hush/graphs/commit-activity,103,+100 contributors
Masari,MSR,/graphs/commit-activity,103,6 contributors
TrezarCoin,TZC,https://github.com/TrezarCoin/TrezarCoin/graphs/commit-activity,103,+100 contributors
ParkinGo,GOT,/graphs/commit-activity,100,4 contributors
Ambrosus,AMB,https://github.com/ambrosus/react-components/graphs/commit-activity,97,4 contributors
Elliot,ELLI,https://github.com/elliotproject/elli/graphs/commit-activity,96,+100 contributors
MonaCoin,MONA,https://github.com/monacoinproject/monacoin/graphs/commit-activity,95,+100 contributors
GravityCoin,GXX,https://github.com/GravityCoinOfficial/GravityCoin/graphs/commit-activity,94,16 contributors
Haven,XHV,https://github.com/havenprotocol/haven/graphs/commit-activity,93,3 contributors
STK,STK,/graphs/commit-activity,89,5 contributors
Bounty0x,BNTY,https://github.com/bounty0x/Bounty0xCrowdsale/graphs/commit-activity,88,1 contributor
Bitcoin,BTCS,https://github.com/bitcoin-scrypt/bitcoin-scrypt/graphs/commit-activity,87,2 contributors
BitWhite,BTW,https://github.com/BTWhite/BTWChain/graphs/commit-activity,86,2 contributors
View,VIEW,/graphs/commit-activity,85,2 contributors
BitcoinZ,BTCZ,/graphs/commit-activity,85,8 contributors
SDChain,SDA,/graphs/commit-activity,84,5 contributors
OST,OST,https://github.com/OpenSTFoundation/openst-platform/graphs/commit-activity,83,13 contributors
Bitcoin,XBC,https://github.com/bitcoinplusorg/xbcwalletsource/graphs/commit-activity,83,+100 contributors
EverGreenCoin,EGC,https://github.com/EverGreenCoinDev/EverGreenCoin/graphs/commit-activity,82,7 contributors
Telcoin,TEL,/graphs/commit-activity,80,2 contributors
Crypto,CIF,https://github.com/CIF-Github/CIF-Core/graphs/commit-activity,80,+100 contributors
Dether,DTH,/graphs/commit-activity,80,6 contributors
EveryCoin,EVY,https://github.com/aaron-platform/everycoin/graphs/commit-activity,79,2 contributors
WeAreSatoshi,WSX,https://github.com/WeAreSatoshi/WeAreSatoshi2/graphs/commit-activity,79,97 contributors
ADAMANT,ADM,https://github.com/adamant-im/adamant-pool/graphs/commit-activity,79,3 contributors
Exchange,XUC,https://github.com/ExchangeUnion/btcd/graphs/commit-activity,79,86 contributors
Xchange,XCG,https://github.com/Xcgtech/Wallet/graphs/commit-activity,78,3 contributors
XYO,XYO,/graphs/commit-activity,78,5 contributors
GoByte,GBX,https://github.com/gobytecoin/gobyte/graphs/commit-activity,77,4 contributors
SingularityNET,AGI,https://github.com/singnet/holistic-edge-detection-service/graphs/commit-activity,77,3 contributors
Superior,SUP,https://github.com/TheSuperiorCoin/TheSuperiorCoin/graphs/commit-activity,77,6 contributors
Quant,QNT,https://github.com/quantnetwork/eth-contract-metadata/graphs/commit-activity,77,68 contributors
Ubiq,UBQ,https://github.com/ubiq/go-ubiq/graphs/commit-activity,75,+100 contributors
SnowGem,XSG,https://github.com/Snowgem/Snowgem/graphs/commit-activity,75,6 contributors
eosDAC,EOSDAC,/graphs/commit-activity,75,4 contributors
THETA,THETA,https://github.com/thetatoken/theta-infrastructure-vault/graphs/commit-activity,72,1 contributor
Achain,ACT,https://github.com/Achain-Dev/Achain/graphs/commit-activity,71,10 contributors
Ink,INK,https://github.com/inklabsfoundation/inkchain/graphs/commit-activity,71,7 contributors
Citadel,CTL,https://github.com/cntemple/Citadel/graphs/commit-activity,70,5 contributors
Cosmos,ATOM2,https://github.com/cosmos/ledger-go/graphs/commit-activity,68,2 contributors
CommerceBlock,CBT,/graphs/commit-activity,68,2 contributors
Counterparty,XCP,https://github.com/CounterpartyXCP/counterparty-lib/graphs/commit-activity,67,29 contributors
Zap,ZAP,https://github.com/zapproject/FeedArbitration/graphs/commit-activity,67,12 contributors
Castle,CSTL,https://github.com/growaleaf/CastleMN/graphs/commit-activity,67,4 contributors
SpectrumCash,XSM,https://github.com/Spectrumcash/Spectrum-Coin/graphs/commit-activity,66,3 contributors
Paymon,PMNT,https://github.com/PaymonTeam/paymon-ios-new/graphs/commit-activity,65,3 contributors
Themis,GET2,https://github.com/themis-network/go-themis/graphs/commit-activity,64,6 contributors
WePower,WPR,/graphs/commit-activity,62,4 contributors
Moss,MOC,/graphs/commit-activity,62,4 contributors
VIVO,VIVO,https://github.com/vivocoin/vivo/graphs/commit-activity,61,1 contributor
HOdlcoin,HODL,https://github.com/HOdlcoin/HOdlcoin/graphs/commit-activity,60,+100 contributors
EXMR,EXMR,https://github.com/eXMRcoin/Ethereum-Monero/graphs/commit-activity,60,1 contributor
Teloscoin,TELOS,https://github.com/phoenixkonsole/transcendence/graphs/commit-activity,59,4 contributors
THEKEY,TKY,/graphs/commit-activity,58,1 contributor
DeviantCoin,DEV,/graphs/commit-activity,57,4 contributors
Advanced,AIB,https://github.com/iobond/aib/graphs/commit-activity,57,7 contributors
PRiVCY,PRIV,https://github.com/privcycoin/privcy/graphs/commit-activity,57,3 contributors
Aditus,ADI,/graphs/commit-activity,56,23 contributors
Kalkulus,KLKS,https://github.com/kalkulusteam/klks/graphs/commit-activity,56,3 contributors
Bitcore,BTX,https://github.com/LIMXTEC/BitCore/graphs/commit-activity,55,10 contributors
Naviaddress,NAVI,/graphs/commit-activity,55,3 contributors
Cybereits,CRE,https://github.com/Cybereits/ms-token/graphs/commit-activity,53,1 contributor
E-Dinar,EDR2,/graphs/commit-activity,52,2 contributors
MaidSafeCoin,MAID,https://github.com/maidsafe/crust/graphs/commit-activity,52,30 contributors
Nekonium,NUKO,https://github.com/nekonium/nekonium.github.io/graphs/commit-activity,51,7 contributors
CanYaCoin,CAN,https://github.com/canyaio/cantrack-webui/graphs/commit-activity,51,4 contributors
Metronome,MET,/graphs/commit-activity,51,5 contributors
Pigeoncoin,PGN,https://github.com/Pigeoncoin/pigeoncoin/graphs/commit-activity,51,9 contributors
HOQU,HQX,/graphs/commit-activity,50,2 contributors
Mercury,MER,https://github.com/SigwoTechnologies/jupiter/graphs/commit-activity,50,1 contributor
U,UUU,/graphs/commit-activity,50,21 contributors
Darcrus,DAR,https://github.com/SigwoTechnologies/jupiter/graphs/commit-activity,50,1 contributor
BitGuild,PLAT,https://github.com/BitGuildPlatform/tronsr-template/graphs/commit-activity,50,4 contributors
AWARE,AT,/graphs/commit-activity,48,19 contributors
Galactrum,ORE,/graphs/commit-activity,48,2 contributors
Remme,REM,https://github.com/Remmeauth/remme-block-explorer/graphs/commit-activity,46,3 contributors
Aegeus,AEG,/graphs/commit-activity,46,
Iridium,IRD,https://github.com/iridiumdev/iridium/graphs/commit-activity,45,6 contributors
Block,ARY,/graphs/commit-activity,44,1 contributor
ContractNet,CNET,https://github.com/ContractNetLabs/go-ContractNet/graphs/commit-activity,44,+100 contributors
Phantomx,PNX,https://github.com/phantomxdev/phantomx/graphs/commit-activity,44,3 contributors
BOX,BOX,/graphs/commit-activity,44,
Newton,NCP,/graphs/commit-activity,43,2 contributors
CryCash,CRC,https://github.com/crowdcoinChain/Crowdcoin/graphs/commit-activity,41,1 contributor
Mincoin,MNC2,https://github.com/main-coin/main-explorer-frontend/graphs/commit-activity,41,1 contributor
CloakCoin,CLOAK,https://github.com/CloakProject/Cloak2Public/graphs/commit-activity,40,3 contributors
Wibson,WIB,https://github.com/wibsonorg/tokens-distribution/graphs/commit-activity,40,3 contributors
MassGrid,MGD,https://github.com/MassGrid/MassGrid/graphs/commit-activity,40,5 contributors
AppCoins,APPC,https://github.com/AppStoreFoundation/asf-unity-plugin-2017/graphs/commit-activity,39,3 contributors
Carlive,IOV,/graphs/commit-activity,39,14 contributors
XTRABYTES,XBY,https://github.com/borzalom/XtraBYtes/graphs/commit-activity,39,8 contributors
BBSCoin,BBS,https://github.com/bbscoin/bbscoin-xyz-i18n/graphs/commit-activity,39,3 contributors
Oxycoin,OXY,https://github.com/oxycoin/oxy-node/graphs/commit-activity,38,27 contributors
TEMCO,TEMCO,https://github.com/temcolabs/token/graphs/commit-activity,38,1 contributor
nOS,NOS,https://github.com/nos/voting-system-research/graphs/commit-activity,38,2 contributors
Hydro,HYDRO,/graphs/commit-activity,38,3 contributors
Sharpe,SHP,/graphs/commit-activity,38,2 contributors
Origami,ORI,https://github.com/origamiMP/origami-review-api/graphs/commit-activity,37,1 contributor
Sumokoin,SUMO,https://github.com/sumoprojects/sumokoin/graphs/commit-activity,37,14 contributors
VULCANO,VULC,https://github.com/vulcanodev/Vulcano/graphs/commit-activity,37,4 contributors
LightChain,LIGHT,/graphs/commit-activity,37,1 contributor
Vertcoin,VTC,https://github.com/vertcoin/vertcoin/graphs/commit-activity,37,+100 contributors
Maverick,MVC,https://github.com/mvchain/dyvault-surface-android/graphs/commit-activity,37,2 contributors
Conceal,CCX,https://github.com/ConcealNetwork/conceal-guardian/graphs/commit-activity,37,2 contributors
CarBlock,CAR,/graphs/commit-activity,37,+100 contributors
ZCore,ZCR,https://github.com/zcore-coin/zcore-source/graphs/commit-activity,37,4 contributors
TokenPay,TPAY,/graphs/commit-activity,36,4 contributors
Opacity,OPQ,https://github.com/opacity/scripts/graphs/commit-activity,36,3 contributors
Hdac,HDAC,https://github.com/Hdactech/hdac/graphs/commit-activity,36,4 contributors
ARAW,ARAW,https://github.com/arawtoken/arawtoken/graphs/commit-activity,35,1 contributor
bitcoin2network,B2N,https://github.com/b2n-project/bitcoin2network/graphs/commit-activity,35,2 contributors
VeriCoin,VRC,https://github.com/vericoin/vericoin/graphs/commit-activity,35,+100 contributors
The,ABYSS,/graphs/commit-activity,35,1 contributor
Lightpaycoin,LPC,/graphs/commit-activity,35,2 contributors
ORS,ORS2,https://github.com/ORSGroup/ORS-Tokensale/graphs/commit-activity,34,3 contributors
Bitcoin,BTG,https://github.com/BTCGPU/BTCGPU/graphs/commit-activity,33,+100 contributors
CannabisCoin,CANN,https://github.com/cannabiscoindev/cannabiscoin420/graphs/commit-activity,33,+100 contributors
GeyserCoin,GSR,https://github.com/geysercoin/geysercoin/graphs/commit-activity,32,2 contributors
WeToken,WT,/graphs/commit-activity,32,1 contributor
HyperStake,HYP,https://github.com/hyperstake/HyperStake/graphs/commit-activity,32,22 contributors
Merculet,MVP,/graphs/commit-activity,31,2 contributors
Gnosis,GNO,https://github.com/gnosis/dx-safe-cli/graphs/commit-activity,31,2 contributors
Master,MCT,/graphs/commit-activity,31,3 contributors
Magnet,MAG,https://github.com/magnetwork/magnet/graphs/commit-activity,31,4 contributors
MOAC,MOAC,https://github.com/MOACChain/moac-core/graphs/commit-activity,31,5 contributors
Apex,CPX,/graphs/commit-activity,31,2 contributors
Morpheus,MITX,/graphs/commit-activity,30,2 contributors
IPChain,IPC,/graphs/commit-activity,30,2 contributors
Bitcoin,BWS,https://github.com/raymaker/bitcoinwspectrum/graphs/commit-activity,29,3 contributors
Electra,ECA,/graphs/commit-activity,29,7 contributors
Bitcoin,BTCP,https://github.com/BTCPrivate/BitcoinPrivate/graphs/commit-activity,29,+100 contributors
LiteBitcoin,LBTC,https://github.com/litebitcoins/litebitcoin/graphs/commit-activity,28,3 contributors
carVertical,CV,/graphs/commit-activity,28,
Espers,ESP,https://github.com/cryptocoderz/espers/graphs/commit-activity,28,9 contributors
VeChain,VET,https://github.com/vechain/connex-impl-test/graphs/commit-activity,28,1 contributor
Mirai,MRI,https://github.com/bumbacoin/Mirai-Master/graphs/commit-activity,27,1 contributor
MintCoin,MINT,https://github.com/MintcoinCommunity/Mintcoin-Desktop-Wallet/graphs/commit-activity,27,12 contributors
LBRY,LBC,https://github.com/lbryio/aiorpcX/graphs/commit-activity,27,1 contributor
SmileyCoin,SMLY,https://github.com/tutor-web/smileyCoin/graphs/commit-activity,27,10 contributors
Cred,LBA,/graphs/commit-activity,26,4 contributors
Megacoin,MEC,https://github.com/LIMXTEC/Megacoin/graphs/commit-activity,26,+100 contributors
Sexcoin,SXC,https://github.com/sexcoin-project/sexcoin/graphs/commit-activity,26,7 contributors
Arcblock,ABT,/graphs/commit-activity,26,2 contributors
Auctus,AUC,/graphs/commit-activity,26,5 contributors
Civic,CVC,https://github.com/civicteam/middy/graphs/commit-activity,25,25 contributors
Kleros,PNK,https://github.com/kleros/research-docs/graphs/commit-activity,25,1 contributor
Curecoin,CURE,https://github.com/cygnusxi/CurecoinSource/graphs/commit-activity,25,13 contributors
Atomic,AWC,https://github.com/Atomicwallet/axios/graphs/commit-activity,24,+100 contributors
Bitcloud,BTDX,https://github.com/LIMXTEC/Bitcloud/graphs/commit-activity,24,1 contributor
APIS,APIS,/graphs/commit-activity,24,3 contributors
Ammo,AMMO,/graphs/commit-activity,24,2 contributors
Nebula,NBAI,/graphs/commit-activity,24,5 contributors
Freicoin,FRC,https://github.com/freicoin/freicoin/graphs/commit-activity,24,+100 contributors
CoinToGo,2GO,https://github.com/cointogo/coin2goproject/graphs/commit-activity,24,1 contributor
ATMChain,ATM,https://github.com/ATMChain//graphs/commit-activity,24,1 contributor
0xcert,ZXC,/graphs/commit-activity,24,2 contributors
UNIVERSAL,UCASH,/graphs/commit-activity,24,14 contributors
Dero,DERO,/graphs/commit-activity,23,1 contributor
Po.et,POE,https://github.com/poetapp/poet/graphs/commit-activity,23,7 contributors
Block-Logic,BLTG,https://github.com/Block-Logic-Technology-Group/bltg/graphs/commit-activity,23,3 contributors
CottonCoin,COTN,https://github.com/cottoncoin/cottoncoin/graphs/commit-activity,23,1 contributor
Traid,TRAID,https://github.com/TraidPlatform/traidcoin/graphs/commit-activity,22,1 contributor
Cryptonite,XCN,https://github.com/pallas1/Cryptonite/graphs/commit-activity,22,4 contributors
SaveNode,SNO,https://github.com/savenode/SaveNodeCore/graphs/commit-activity,22,2 contributors
Maxcoin,MAX,/graphs/commit-activity,22,13 contributors
BitSend,BSD,https://github.com/LIMXTEC/BitSend/graphs/commit-activity,22,11 contributors
ExclusiveCoin,EXCL,https://github.com/exclfork/ExclusiveCoin/graphs/commit-activity,22,7 contributors
InterValue,INVE,https://github.com/intervalue/intervalue-2.0.0-testnet/graphs/commit-activity,22,1 contributor
Cazcoin,CAZ,/graphs/commit-activity,21,2 contributors
Bezop,BEZ,/graphs/commit-activity,21,7 contributors
ZPER,ZPR,/graphs/commit-activity,21,1 contributor
XDNA,XDNA,https://github.com/XDNA-Core/XDNA/graphs/commit-activity,21,2 contributors
EZToken,EZT,/graphs/commit-activity,21,1 contributor
Jiyo,JIYO,/graphs/commit-activity,21,1 contributor
Thrive,THRT,/graphs/commit-activity,21,1 contributor
Photon,PHO,https://github.com/photonproject/photon/graphs/commit-activity,21,5 contributors
Devery,EVE,/graphs/commit-activity,21,2 contributors
Bitcoin,BCI,/graphs/commit-activity,21,7 contributors
Melon,MLN,https://github.com/melonproject/oyente/graphs/commit-activity,21,21 contributors
SelfSell,SSC,https://github.com/SelfSellTeam/SelfSell-linux/graphs/commit-activity,20,1 contributor
SparksPay,SPK,https://github.com/SparksPay/go-sparksutil/graphs/commit-activity,20,16 contributors
FintruX,FTX,/graphs/commit-activity,20,3 contributors
Vipstar,VIPS,https://github.com/VIPSTARCOIN/VIPSTARCOIN/graphs/commit-activity,20,1 contributor
Essentia,ESS,/graphs/commit-activity,19,5 contributors
Uniform,UFO,https://github.com/UFOCoins/ufo/graphs/commit-activity,19,+100 contributors
Fusion,FSN,/graphs/commit-activity,19,2 contributors
Monkey,MONK,https://github.com/MONKEYPROJECT/Monkey/graphs/commit-activity,19,1 contributor
Sharpay,S,https://github.com/sharpay-io/cloudflare/graphs/commit-activity,19,2 contributors
Matrix,MAN,/graphs/commit-activity,19,3 contributors
Parkgene,GENE,/graphs/commit-activity,19,3 contributors
EUNO,EUNO,https://github.com/Euno/eunowallet/graphs/commit-activity,18,1 contributor
Project,PAI,https://github.com/projectpai/pai_smart_node/graphs/commit-activity,18,3 contributors
CPChain,CPC,https://github.com/Capricoinofficial/Capricoin/graphs/commit-activity,18,2 contributors
Shekel,JEW,/graphs/commit-activity,18,4 contributors
ZelCash,ZEL,/graphs/commit-activity,18,2 contributors
Capricoin,CPC2,https://github.com/Capricoinofficial/Capricoin/graphs/commit-activity,18,2 contributors
XinFin,XDCE,https://github.com/XinFinorg/Telegram-Bot/graphs/commit-activity,18,3 contributors
SnodeCoin,SND,https://github.com/snodeco/snode-coin/graphs/commit-activity,17,1 contributor
GoChain,GO,https://github.com/gochain-io/go-post/graphs/commit-activity,17,4 contributors
BZLCOIN,BZL,https://github.com/bzlcoin/bzlcoin/graphs/commit-activity,17,3 contributors
AdCoin,ACC,https://github.com/acceleratornetwork/accelerator-token/graphs/commit-activity,17,2 contributors
LanaCoin,LANA,https://github.com/LanaCoin/lanacoin/graphs/commit-activity,16,+100 contributors
Radium,RADS,https://github.com/RadiumCore/radium-0.11/graphs/commit-activity,16,+100 contributors
Blockport,BPT,/graphs/commit-activity,16,2 contributors
RightMesh,RMESH,/graphs/commit-activity,16,4 contributors
OmenCoin,OMEN,https://github.com/omencoin/omencoin/graphs/commit-activity,16,
Digiwage,WAGE,https://github.com/digiwage/digiwage/graphs/commit-activity,16,2 contributors
VeriumReserve,VRM,https://github.com/VeriumReserve/verium/graphs/commit-activity,16,+100 contributors
GenesisX,XGS,https://github.com/genesis-x/genesis-x/graphs/commit-activity,15,3 contributors
MVL,MVL,/graphs/commit-activity,15,1 contributor
Auroracoin,AUR,https://github.com/aurarad/auroracoin/graphs/commit-activity,15,4 contributors
ODUWA,OWC,https://github.com/ODUWAX/oduwacoin/graphs/commit-activity,15,1 contributor
Signals,SGN,/graphs/commit-activity,15,2 contributors
SolarCoin,SLR,https://github.com/onsightit/solarcoin/graphs/commit-activity,15,7 contributors
Bata,BTA,https://github.com/BTA-BATA/BATA-SOURCE/graphs/commit-activity,15,4 contributors
Rupee,RUP,https://github.com/rupeedigitalassets/RUPEE/graphs/commit-activity,15,3 contributors
Quantis,QUAN,https://github.com/QuantisDev/QuantisNet-Fork-New-Chain/graphs/commit-activity,14,2 contributors
Scanetchain,SWC,https://github.com/Scanetchain/Scanetchain-ERC20-Token/graphs/commit-activity,14,1 contributor
Bitcoin,BIFI,/graphs/commit-activity,14,1 contributor
FunFair,FUN,https://github.com/funfair-tech/NuGetGallery/graphs/commit-activity,14,94 contributors
TajCoin,TAJ,https://github.com/Taj-Coin/tajcoin/graphs/commit-activity,14,3 contributors
Garlicoin,GRLC,https://github.com/GarlicoinOrg/Garlicoin/graphs/commit-activity,14,+100 contributors
Ethorse,HORSE,https://github.com/ethorse/ethorse-core/graphs/commit-activity,14,1 contributor
Origin,ORS,https://github.com/OriginSport/world_cup_game/graphs/commit-activity,14,1 contributor
Vivid,VIVID,/graphs/commit-activity,14,1 contributor
Linx,LINX,https://github.com/linX-project/linX/graphs/commit-activity,14,3 contributors
Breakout,BRX,https://github.com/BreakoutCoin/Breakout-Chain-Client/graphs/commit-activity,13,1 contributor
MFIT,MFIT,https://github.com/muayfitcoin/muayfitcoin/graphs/commit-activity,13,1 contributor
Nullex,NLX,/graphs/commit-activity,13,3 contributors
Breakout,BRK,https://github.com/BreakoutCoin/Breakout-Chain-Client/graphs/commit-activity,13,1 contributor
Elementrem,ELE,https://github.com/elementrem/go-elementrem/graphs/commit-activity,13,1 contributor
Universe,UNI,https://github.com/UniverseUNI/Universe-UNI/graphs/commit-activity,13,1 contributor
Dragonglass,DGS,https://github.com/dragonglasscom/smart-contracts/graphs/commit-activity,13,2 contributors
ICON,ICX,https://github.com/theloopkr/loopchain/graphs/commit-activity,13,12 contributors
Kryll,KRL,https://github.com/Cryptense/KryllToken/graphs/commit-activity,13,1 contributor
CARDbuyers,BCARD,https://github.com/CARDbuyers/BCARD/graphs/commit-activity,13,3 contributors
Vexanium,VEX,https://github.com/vexanium/WalletLite/graphs/commit-activity,13,1 contributor
Utrum,OOT,/graphs/commit-activity,13,3 contributors
Musicoin,MUSIC,https://github.com/musicoin/go-musicoin/graphs/commit-activity,13,+100 contributors
Karma,KRM,https://github.com/Karma-blockchain/karma-core/graphs/commit-activity,13,3 contributors
BridgeCoin,BCO,https://github.com/CryptoBridge/bitshares-es-wrapper/graphs/commit-activity,13,2 contributors
Ties.DB,TIE,https://github.com/tiesnetwork/ties.db-client-nodejs/graphs/commit-activity,13,2 contributors
Stealth,XST,https://github.com/StealthSend/Stealth/graphs/commit-activity,13,2 contributors
0xBitcoin,0xBTC,https://github.com/0xbitcoin/0xbitcoin-miner/graphs/commit-activity,13,3 contributors
Cobinhood,COB,https://github.com/cobinhood/cobinhood-api-public/graphs/commit-activity,13,11 contributors
ETERNAL,XET,https://github.com/atom-solutions/EternalToken/graphs/commit-activity,13,3 contributors
Shift,SHIFT,https://github.com/ShiftNrg/shift/graphs/commit-activity,13,10 contributors
LoyalCoin,LYL,/graphs/commit-activity,13,4 contributors
Einsteinium,EMC2,https://github.com/emc2foundation/einsteinium/graphs/commit-activity,12,+100 contributors
Solaris,XLR,https://github.com/Solaris-Project/Solaris/graphs/commit-activity,12,+100 contributors
Phonecoin,PHON,https://github.com/phonecoin-PHON/PhoneCoinCore/graphs/commit-activity,12,1 contributor
QChi,QCH,https://github.com/qch-qchi/qch/graphs/commit-activity,12,1 contributor
Ruff,RUFF,/graphs/commit-activity,12,2 contributors
QuarkChain,QKC,https://github.com/QuarkChain/tqkc-bounty-lottery/graphs/commit-activity,12,1 contributor
RECORD,RCD,https://github.com/recordfoundation/record-token-contract/graphs/commit-activity,12,2 contributors
Bulleon,BUL,https://github.com/Bulleon/contract/graphs/commit-activity,12,1 contributor
BumbaCoin,BUMBA,https://github.com/bumbacoin/bumbacoin2-source/graphs/commit-activity,12,2 contributors
Viacoin,VIA,https://github.com/viacoin/viacoin/graphs/commit-activity,12,+100 contributors
MonetaryUnit,MUE,https://github.com/MUEcoin/MUECore/graphs/commit-activity,11,6 contributors
PlayGame,PXG,https://github.com/playgame-global/indodax-rx/graphs/commit-activity,11,1 contributor
BnkToTheFuture,BFT,/graphs/commit-activity,11,2 contributors
Zenswap,ZNT,https://github.com/zenswapnetwork/ZenswapNetwork/graphs/commit-activity,11,2 contributors
Peculium,PCL,https://github.com/Peculium-Dev/PCLToken/graphs/commit-activity,11,1 contributor
Global,GCC,https://github.com/TheGCCcoin/TheGCCcoin-source-code/graphs/commit-activity,11,2 contributors
STRAKS,STAK,https://github.com/straks/straks/graphs/commit-activity,11,7 contributors
Cream,CRM,https://github.com/creamcoin/CREAM-cryptocurrency/graphs/commit-activity,11,1 contributor
FOAM,FOAM,https://github.com/f-o-a-m/react-map-gl/graphs/commit-activity,11,53 contributors
Rubycoin,RBY,https://github.com/rubycoinorg/rubycoin/graphs/commit-activity,11,2 contributors
KEY,KEY2,https://github.com/bihu-id/signupeoseos/graphs/commit-activity,11,2 contributors
APR,APR,/graphs/commit-activity,11,1 contributor
SyncFab,MFG,/graphs/commit-activity,11,
BoostCoin,BOST,https://github.com/mammix2/boostcoin-core/graphs/commit-activity,10,1 contributor
Metaverse,ETP,https://github.com/mvs-org/mvs-package/graphs/commit-activity,10,1 contributor
Pixie,PXC,https://github.com/ghostlander/Phoenixcoin/graphs/commit-activity,10,3 contributors
PRIZM,PZM,https://github.com/prizmspace/PrizmCore/graphs/commit-activity,10,1 contributor
LemoChain,LEMO,https://github.com/LemoFoundationLtd/lemo-monitor-be/graphs/commit-activity,10,2 contributors
BlackCoin,BLK,https://github.com/CoinBlack/blackcoin/graphs/commit-activity,10,+100 contributors
TomoChain,TOMO,/graphs/commit-activity,10,1 contributor
DMarket,DMT,/graphs/commit-activity,10,3 contributors
Ti-Value,TV,https://github.com/tivalueproject/TiValueRelease/graphs/commit-activity,10,3 contributors
Ubique,UCT,https://github.com/UCOT/IoT-chain/graphs/commit-activity,10,2 contributors
Travala.com,AVA,/graphs/commit-activity,10,2 contributors
Nerves,NER,https://github.com/NerFoundation/website-official/graphs/commit-activity,10,1 contributor
Atheios,ATH,https://github.com/atheioschain/ATHMask/graphs/commit-activity,10,43 contributors
Content,CNN,/graphs/commit-activity,10,4 contributors
JET8,J8T,/graphs/commit-activity,9,1 contributor
Eternity,ENT,https://github.com/eternity-group/eternity/graphs/commit-activity,9,2 contributors
Eurocoin,EUC,https://github.com/scriptexpert/Eurocoin/graphs/commit-activity,9,1 contributor
JavaScript,JS,/graphs/commit-activity,9,1 contributor
PalletOne,PTN,https://github.com/PalletOne/btc-adaptor/graphs/commit-activity,9,1 contributor
Zetacoin,ZET,https://github.com/zetacoin/zetacoin/graphs/commit-activity,9,+100 contributors
BitBay,BAY,https://github.com/dzimbeck/BitBay/graphs/commit-activity,9,6 contributors
TransferCoin,TX,https://github.com/transferdev/Transfercoin/graphs/commit-activity,9,6 contributors
Dentacoin,DCN,https://github.com/Dentacoin/ERC20-token/graphs/commit-activity,9,2 contributors
DNotes,NOTE,https://github.com/DNotesCoin/DNotes/graphs/commit-activity,9,2 contributors
Sether,SETH,/graphs/commit-activity,9,2 contributors
BowsCoin,BSC,https://github.com/bowscoin/bowscoin/graphs/commit-activity,9,2 contributors
Daneel,DAN,https://github.com/project-daneel/roadmap/graphs/commit-activity,9,1 contributor
BERNcash,BERN,https://github.com/BERNiecoin/BERNcash/graphs/commit-activity,9,4 contributors
Bigbom,BBO,https://github.com/bigbomio/dummy-yummy/graphs/commit-activity,9,2 contributors
Diamond,DMD,https://github.com/DMDcoin/Diamond/graphs/commit-activity,8,+100 contributors
VINchain,VIN,https://github.com/VinChain/VINchain-blockchain/graphs/commit-activity,8,1 contributor
PrimeStone,PSC,https://github.com/Primestonecoin/MN-Script-IPv6/graphs/commit-activity,8,1 contributor
AdEx,ADX,https://github.com/AdExBlockchain/adex-core/graphs/commit-activity,8,4 contributors
MicroMoney,AMM,https://github.com/micro-money/prime/graphs/commit-activity,8,2 contributors
TOKYO,TOKC,/graphs/commit-activity,8,1 contributor
OKCash,OK,https://github.com/okcashpro/okcash/graphs/commit-activity,8,+100 contributors
JSECOIN,JSE,https://github.com/jsecoin/developer/graphs/commit-activity,8,3 contributors
DADI,DADI,https://github.com/dadi/preact-router/graphs/commit-activity,8,22 contributors
Alchemint,SDS,https://github.com/Alchemint/alchemintToken/graphs/commit-activity,8,1 contributor
HorusPay,HORUS,/graphs/commit-activity,8,1 contributor
XMax,XMX,https://github.com/XMaxPlatform/xmaxjs-api-lib/graphs/commit-activity,8,1 contributor
WeShow,WET,https://github.com/we-token/we-live-server/graphs/commit-activity,8,1 contributor
Amon,AMN,/graphs/commit-activity,8,1 contributor
FSBT,FSBT,/graphs/commit-activity,8,3 contributors
Restart,MWAT,/graphs/commit-activity,7,1 contributor
BitCapitalVendor,BCV,https://github.com/bitcv/iOS-BitcvWalletSDK/graphs/commit-activity,7,1 contributor
YENTEN,YTN,https://github.com/conan-equal-newone/yenten/graphs/commit-activity,7,2 contributors
BitcoiNote,BTCN,/graphs/commit-activity,7,1 contributor
CoinPoker,CHP,/graphs/commit-activity,7,1 contributor
Wings,WINGS,https://github.com/WingsDao/swagger-docs/graphs/commit-activity,7,1 contributor
Trittium,TRTT,/graphs/commit-activity,7,1 contributor
Bittwatt,BWT,/graphs/commit-activity,7,1 contributor
MojoCoin,MOJO,https://github.com/MOJOv3/mojocoin/graphs/commit-activity,7,1 contributor
Rentberry,BERRY,/graphs/commit-activity,7,3 contributors
HondaisCoin,HNDC,https://github.com/HondaisCoin/HNDC/graphs/commit-activity,7,1 contributor
Cropcoin,CROP,https://github.com/Cropdev/CropDev/graphs/commit-activity,7,1 contributor
Happycoin,HPC,https://github.com/happycoinmaster/Happycoin/graphs/commit-activity,7,1 contributor
MktCoin,MLM,/graphs/commit-activity,7,1 contributor
IoT,ITC,https://github.com/IoTChainCode/itc-blockchain/graphs/commit-activity,7,1 contributor
Jibrel,JNT,/graphs/commit-activity,7,4 contributors
Business,BCAC,https://github.com/BusinessCredit/raft/graphs/commit-activity,6,1 contributor
High,HPB,https://github.com/hpb-project/systemcheck/graphs/commit-activity,6,1 contributor
Proxeus,XES,/graphs/commit-activity,6,
Crowdvilla,CRV,https://github.com/REIDAO/crowdvilla-token-sale/graphs/commit-activity,6,1 contributor
Iungo,ING,/graphs/commit-activity,6,1 contributor
SpreadCoin,SPR,https://github.com/spreadcoin/spreadcoin/graphs/commit-activity,6,6 contributors
Silent,SNTR,/graphs/commit-activity,6,1 contributor
Rhenium,XRH,/graphs/commit-activity,6,1 contributor
Nyancoin,NYAN,https://github.com/Nyancoins/nyancoin-client/graphs/commit-activity,6,4 contributors
Bankera,BNK,/graphs/commit-activity,6,1 contributor
Obyte,GBYTE,https://github.com/byteball/bitcointalk-attestation/graphs/commit-activity,6,3 contributors
Crave,CRAVE,https://github.com/Crave-Project/Crave-NG/graphs/commit-activity,6,2 contributors
Cobrabytes,COBRA,https://github.com/cobrabytes/CobraBytes/graphs/commit-activity,6,1 contributor
Proton,PTT,https://github.com/ProtonNetwork/Proton-Wiki/graphs/commit-activity,6,2 contributors
Nucleus,NCASH,https://github.com/NucleusVision/Machine-Learning/graphs/commit-activity,6,2 contributors
InsurChain,INSUR,/graphs/commit-activity,6,
Spendcoin,SPND,https://github.com/Spend/Spend-Whitepaper/graphs/commit-activity,6,2 contributors
BioCoin,BIO,/graphs/commit-activity,6,3 contributors
White,WSD,/graphs/commit-activity,6,2 contributors
PRASM,PSM,/graphs/commit-activity,6,1 contributor
Numeraire,NMR,https://github.com/numerai/contract/graphs/commit-activity,6,7 contributors
Enigma,ENG,https://github.com/enigmampc/json-patch/graphs/commit-activity,5,1 contributor
Invacio,INV,/graphs/commit-activity,5,1 contributor
Rapids,RPD,https://github.com/RapidsOfficial/RapidsToken/graphs/commit-activity,5,1 contributor
Pal,PAL,/graphs/commit-activity,5,1 contributor
Fiii,FIII,https://github.com/FiiiLab/FiiiChain-Address-Prefix-Generator/graphs/commit-activity,5,1 contributor
EscrowCoin,ESCO,https://github.com/Escrow-Coin/escrowcoreV2/graphs/commit-activity,5,1 contributor
Timicoin,TMC,https://github.com/timihealth/timicoin/graphs/commit-activity,5,1 contributor
Storiqa,STQ,/graphs/commit-activity,5,2 contributors
Gold,GPKR,https://github.com/GoldPoker/GoldPoker-coin/graphs/commit-activity,5,1 contributor
Maincoin,MNC,/graphs/commit-activity,5,+100 contributors
Credits,CS,/graphs/commit-activity,5,2 contributors
Bitsum,BSM,https://github.com/BitsumFoundation/bitsum_legacy/graphs/commit-activity,5,5 contributors
ProximaX,XPX,https://github.com/proximax-storage-foundry/simple-uploader/graphs/commit-activity,5,1 contributor
DogeCash,DOGEC,https://github.com/dogecash/addnodegen/graphs/commit-activity,5,1 contributor
HollyWoodCoin,HWC,https://github.com/Hollywoodcoiin/hollywood_team/graphs/commit-activity,5,1 contributor
Halo,HALO,https://github.com/haloplatform/status/graphs/commit-activity,5,1 contributor
Lunes,LUNES,https://github.com/Lunes-platform/lunesJava/graphs/commit-activity,5,1 contributor
Condominium,CDM,/graphs/commit-activity,5,1 contributor
MarteXcoin,MXT,https://github.com/martexcoin/martexcoin/graphs/commit-activity,5,1 contributor
Storjcoin,SJCX,https://github.com/Storj/core/graphs/commit-activity,5,28 contributors
TenX,PAY,https://github.com/tenx-tech/rust-bech32-bitcoin/graphs/commit-activity,5,4 contributors
Aigang,AIX,https://github.com/AigangNetwork/aigang-forwarder/graphs/commit-activity,5,3 contributors
Faceter,FACE,/graphs/commit-activity,5,1 contributor
Hurify,HUR,/graphs/commit-activity,5,1 contributor
Iconiq,ICNQ,https://github.com/IconiqLab/ICNQ-Startup-s-Smart-Contract/graphs/commit-activity,5,1 contributor
Rate3,RTE,/graphs/commit-activity,5,1 contributor
Penta,PNT,/graphs/commit-activity,5,2 contributors
Onix,ONX,https://github.com/onix-project/onixcore/graphs/commit-activity,5,37 contributors
KanadeCoin,KNDC,https://github.com/KanadeCoin/kanadecoin/graphs/commit-activity,5,1 contributor
AudioCoin,ADC,https://github.com/aurovine/audiocoin/graphs/commit-activity,5,10 contributors
ABBC,ABBC,https://github.com/ABBCTEAM/abbc/graphs/commit-activity,5,2 contributors
Lightning,LBTC2,/graphs/commit-activity,5,4 contributors
Everipedia,IQ,https://github.com/EveripediaNetwork/demux-sync/graphs/commit-activity,5,1 contributor
Primecoin,XPM,https://github.com/primecoin/primecoin/graphs/commit-activity,4,+100 contributors
Repme,RPM,https://github.com/LadoAlejandro/RepMe/graphs/commit-activity,4,1 contributor
GameCredits,GAME,https://github.com/gamecredits-project/python-gamecredits/graphs/commit-activity,4,1 contributor
Speed,SMS,/graphs/commit-activity,4,1 contributor
Howdoo,UDOO,https://github.com/mpg1977/howdoo.token.contracts/graphs/commit-activity,4,
FuzeX,FXT,/graphs/commit-activity,4,1 contributor
FLIP,FLP,/graphs/commit-activity,4,1 contributor
EtherSportz,ESZ,/graphs/commit-activity,4,2 contributors
Debitum,DEB,/graphs/commit-activity,4,67 contributors
Presearch,PRE,/graphs/commit-activity,4,1 contributor
SunContract,SNC,https://github.com/SunContract/wiki/graphs/commit-activity,4,1 contributor
SkyHub,SHB,https://github.com/SkyHuBs/skyhub/graphs/commit-activity,4,1 contributor
Deutsche,DEM,https://github.com/emarkproject/eMark/graphs/commit-activity,4,6 contributors
Zeepin,ZPT,/graphs/commit-activity,4,1 contributor
Verify,CRED,https://github.com/verifyas/integration-guide-demo/graphs/commit-activity,4,1 contributor
Lykke,LKK,https://github.com/LykkeCity/Lykke.Service.ExchangeConnector/graphs/commit-activity,4,10 contributors
SDUSD,SDUSD,https://github.com/Alchemint/SNEO/graphs/commit-activity,4,1 contributor
Intelligent,IIC,/graphs/commit-activity,4,1 contributor
Tokenomy,TEN,https://github.com/tokenomy/Tokenomy-Exchange-API-Documentation/graphs/commit-activity,4,1 contributor
Renos,RNS,https://github.com/RenosCoin/RenosCoin/graphs/commit-activity,4,2 contributors
Payfair,PFR,https://github.com/payfairio/pf_demo/graphs/commit-activity,4,1 contributor
Mero,MERO,https://github.com/merocoin/mero-install/graphs/commit-activity,4,1 contributor
Boltt,BOLTT,https://github.com/Bolttcoindev/BolttCoin/graphs/commit-activity,4,1 contributor
PayDay,PDX,https://github.com/PayDayCoinIo/docs/graphs/commit-activity,4,1 contributor
GlobalBoost-Y,BSTY,https://github.com/GlobalBoost/GlobalBoost-Y/graphs/commit-activity,4,3 contributors
WABnetwork,WAB,/graphs/commit-activity,4,1 contributor
ETHLend,LEND,https://github.com/ETHLend/baiji-smart-contracts/graphs/commit-activity,4,1 contributor
Obsidian,ODN,https://github.com/obsidianproject/Obsidian-Qt/graphs/commit-activity,4,4 contributors
Mobius,MOBI,/graphs/commit-activity,4,1 contributor
Ivy,IVY,/graphs/commit-activity,4,1 contributor
SophiaTX,SPHTX,https://github.com/SophiaTX/SophiaTX-Network/graphs/commit-activity,4,1 contributor
Atonomi,ATMI,/graphs/commit-activity,4,2 contributors
BrokerNekoNetwork,BNN,/graphs/commit-activity,3,1 contributor
ACRE,ACRE,https://github.com/acrecoin/acrecoin/graphs/commit-activity,3,2 contributors
Tripio,TRIO,/graphs/commit-activity,3,1 contributor
Pandemia,PNDM,https://github.com/pandemiacoin/pandemia/graphs/commit-activity,3,1 contributor
BLOCKv,VEE,https://github.com/BLOCKvIO/documentation/graphs/commit-activity,3,1 contributor
ToaCoin,TOA,https://github.com/toacoin/TOA/graphs/commit-activity,3,1 contributor
ZClassic,ZCL,https://github.com/z-classic/zclassic/graphs/commit-activity,3,+100 contributors
GoldBlocks,GB,https://github.com/goldblockscoin/goldblocks/graphs/commit-activity,3,4 contributors
Monetha,MTH,https://github.com/monetha/TrustReputationSmartContracts/graphs/commit-activity,3,5 contributors
Ink,XNK,/graphs/commit-activity,3,1 contributor
EchoLink,EKO,https://github.com/EchoLinkTech/Echo/graphs/commit-activity,3,2 contributors
BrahmaOS,BRM,https://github.com/BrahmaOS/brahmaos-packages-providers-ContactsProvider/graphs/commit-activity,3,1 contributor
VikkyToken,VIKKY,https://github.com/vikkyteam/vikkyico/graphs/commit-activity,3,1 contributor
Bodhi,BOT,https://github.com/bodhiproject/bodhi-core/graphs/commit-activity,3,2 contributors
district0x,DNT,https://github.com/district0x/ethlance/graphs/commit-activity,3,7 contributors
Rubex,RBMC,https://github.com/rubexmoney18/coin/graphs/commit-activity,3,1 contributor
BitRent,RNTB,https://github.com/bitrent/Bitrent-Platform/graphs/commit-activity,3,1 contributor
PopularCoin,POP,https://github.com/Pop-Currency-Foundation/PopularCoin/graphs/commit-activity,3,1 contributor
Tourist,TOTO,https://github.com/globaltouristteam/smartcontract/graphs/commit-activity,3,2 contributors
Cruisebit,CRBT,https://github.com/cruisebit/crbtcoin/graphs/commit-activity,3,1 contributor
Fox,FOXT,/graphs/commit-activity,3,1 contributor
DaTa,DTX,/graphs/commit-activity,3,1 contributor
AquariusCoin,ARCO,https://github.com/AquariusNetwork/ARCO/graphs/commit-activity,3,+100 contributors
Jesus,JC,https://github.com/jesusico/jesuscoin/graphs/commit-activity,3,1 contributor
Nexo,NEXO,https://github.com/nexofinance/NEXO-Token/graphs/commit-activity,3,1 contributor
FuturoCoin,FTO,/graphs/commit-activity,3,+100 contributors
Webchain,WEB,/graphs/commit-activity,3,1 contributor
S4FE,S4F,https://github.com/nterteryan/s4fe/graphs/commit-activity,3,1 contributor
Coin,LION,https://github.com/coin-lion/go-infra/graphs/commit-activity,3,1 contributor
Tokia,TKA,/graphs/commit-activity,3,1 contributor
COPYTRACK,CPY,/graphs/commit-activity,3,1 contributor
NevaCoin,NEVA,/graphs/commit-activity,3,3 contributors
Formosa,FMF,https://github.com/formosafinancial/cors-anywhere/graphs/commit-activity,3,6 contributors
Innova,INN,https://github.com/innovacoin/innova/graphs/commit-activity,3,4 contributors
Cryptonex,CNX,https://github.com/Cryptonex/source/graphs/commit-activity,3,1 contributor
Lisk,LML,https://github.com/GNYIO/gny-token/graphs/commit-activity,3,1 contributor
WinToken,WIN,https://github.com/WinchainOS/Luckywin-Node/graphs/commit-activity,3,2 contributors
ERC20,ERC20,https://github.com/Ownagez/erc20-coin-project/graphs/commit-activity,2,1 contributor
Forkcoin,FORK,https://github.com/forkcoindev/forkcoin/graphs/commit-activity,2,1 contributor
GreenMed,GRMD,/graphs/commit-activity,2,1 contributor
FORCE,FOR,https://github.com/forceunited/force/graphs/commit-activity,2,5 contributors
Elysian,ELY,https://github.com/Elysian-ELY/Smart-Contract/graphs/commit-activity,2,1 contributor
Talao,TALAO,https://github.com/TalaoDAO/marketplace/graphs/commit-activity,2,10 contributors
REBL,REBL,https://github.com/RebelliousToken/RebelliousWallet/graphs/commit-activity,2,1 contributor
PutinCoin,PUT2,/graphs/commit-activity,2,1 contributor
Transcodium,TNS,https://github.com/transcodium/tns-mothership-translation/graphs/commit-activity,2,1 contributor
ZINC,ZINC,/graphs/commit-activity,2,1 contributor
MASTERNET,MASH,https://github.com/masternetio/masternet-token/graphs/commit-activity,2,1 contributor
Gravity,GZRO,https://github.com/GZR0/GRZ0/graphs/commit-activity,2,2 contributors
Signatum,SIGT,https://github.com/signatumd/source/graphs/commit-activity,2,1 contributor
Cryptosolartech,CST,https://github.com/cstmining/Smart-Contract/graphs/commit-activity,2,1 contributor
Neural,NRP,https://github.com/neuralprotocol/NRPSmartContract/graphs/commit-activity,2,1 contributor
WITChain,WIT,https://github.com/witchaindev/-Contract-Source-Code/graphs/commit-activity,2,1 contributor
LogisCoin,LGS,https://github.com/lgsproject/LogisCoin/graphs/commit-activity,2,1 contributor
GoldMint,MNTP,https://github.com/Goldmint/gm-dapp/graphs/commit-activity,2,4 contributors
Skeincoin,SKC,https://github.com/skeincoin/skeincoin/graphs/commit-activity,2,+100 contributors
ZeusNetwork,ZEUS,https://github.com/ZEUS-coin/wallet/graphs/commit-activity,2,1 contributor
Joulecoin,XJO,https://github.com/joulecoin/joulecoin/graphs/commit-activity,2,+100 contributors
Decentralized,DCTO,https://github.com/dcto-project/decentralized-crypto-token/graphs/commit-activity,2,1 contributor
Startcoin,START,https://github.com/startcoin-project/startcoin/graphs/commit-activity,2,3 contributors
Havy,HAVY,https://github.com/havytoken/smartcontract/graphs/commit-activity,2,1 contributor
Pakcoin,PAK,https://github.com/pakcoin-project/pakcoin/graphs/commit-activity,2,1 contributor
IONChain,IONC,https://github.com/ionchain/ether-node-api/graphs/commit-activity,2,2 contributors
Tokenbox,TBX,https://github.com/zeriontech/inmediate-contracts/graphs/commit-activity,2,1 contributor
Influence,INC,https://github.com/InfluenceChain/inex-api/graphs/commit-activity,2,1 contributor
ATC,ATCC,/graphs/commit-activity,2,1 contributor
Coin2Play,C2P,https://github.com/Coin2Play/Coin2Play-Android/graphs/commit-activity,2,1 contributor
Tigereum,TIG,/graphs/commit-activity,2,1 contributor
BANKEX,BKX,https://github.com/BankEx/PlasmaETHexchange/graphs/commit-activity,2,3 contributors
AnarchistsPrime,ACP,https://github.com/AnarchistsPrime/Acp2/graphs/commit-activity,2,1 contributor
HOLD,HOLD,https://github.com/InterstellarHoldings/InterstellarHoldings/graphs/commit-activity,2,1 contributor
Callisto,CLO,/graphs/commit-activity,2,1 contributor
BitNautic,BTNT,https://github.com/Bitnautic/bitnautic-ethereum-contracts/graphs/commit-activity,2,1 contributor
Quasarcoin,QAC,https://github.com/quasarcoin/quasar/graphs/commit-activity,2,
Beetle,BEET,https://github.com/beetledev/Wallet/graphs/commit-activity,2,2 contributors
HunterCoin,HUC,https://github.com/chronokings/huntercoin/graphs/commit-activity,2,59 contributors
IDOL,IDOL,https://github.com/IDOL-COIN/IDOLCOIN/graphs/commit-activity,2,1 contributor
BitScreener,BITX,/graphs/commit-activity,2,1 contributor
Electrify.Asia,ELEC,/graphs/commit-activity,2,1 contributor
TRAXIA,TMT,/graphs/commit-activity,2,2 contributors
Hydro,HOT2,https://github.com/HydroProtocol/protocol-tron/graphs/commit-activity,2,1 contributor
Internet,INT,/graphs/commit-activity,2,1 contributor
FNKOS,FNKOS,/graphs/commit-activity,2,1 contributor
Maximine,MXM,https://github.com/maximine/mxm-token-contract/graphs/commit-activity,2,1 contributor
Populous,PPT,https://github.com/bitpopulous/Populous-smart-contracts/graphs/commit-activity,2,1 contributor
Kin,KIN,https://github.com/kinfoundation/placeholder/graphs/commit-activity,2,4 contributors
Blacer,BLCR,https://github.com/blcrproject/BlacerCoin/graphs/commit-activity,2,1 contributor
WXCOINS,WXC,https://github.com/wxcoins/wxc-src/graphs/commit-activity,2,
Lamden,TAU,https://github.com/Lamden/saffron/graphs/commit-activity,2,3 contributors
Novacoin,NVC,https://github.com/novacoin-project/novacoin/graphs/commit-activity,2,99 contributors
Blue,BWX,https://github.com/BlueWhaleFoundation/prowler/graphs/commit-activity,2,1 contributor
Cappasity,CAPP,https://github.com/CappasityTech/ARToken/graphs/commit-activity,2,2 contributors
MinexCoin,MNX,https://github.com/minexcoin/minexcoin/graphs/commit-activity,2,4 contributors
VouchForMe,IPL,/graphs/commit-activity,2,1 contributor
Budbo,BUBO,/graphs/commit-activity,2,1 contributor
X12,X12,https://github.com/x12project/x12-core/graphs/commit-activity,2,2 contributors
Dystem,DTEM,https://github.com/Dystem/wallets/graphs/commit-activity,1,1 contributor
Gas,GAS,https://github.com/neo-project/specification/graphs/commit-activity,1,1 contributor
ParallelCoin,DUO,https://github.com/marcetin/parallelcoin/graphs/commit-activity,1,3 contributors
Grid+,GRID,https://github.com/gridplus/client/graphs/commit-activity,1,1 contributor
IQ.cash,IQ2,https://github.com/IQ-Cash/iqcash/graphs/commit-activity,1,1 contributor
HyperQuant,HQT,https://github.com/hyperquant-platform/token-distribution-contract/graphs/commit-activity,1,1 contributor
DxChain,DX,https://github.com/DxChainNetwork/dxchain-token-contracts/graphs/commit-activity,1,1 contributor
Allion,ALL,https://github.com/EpyxZ/Allion/graphs/commit-activity,1,1 contributor
AdultChain,XXX,https://github.com/AdultChain/AdultChain/graphs/commit-activity,1,1 contributor
Ethereum,ETHM,https://github.com/ethermeta/EtherMeta/graphs/commit-activity,1,1 contributor
Flash,FLASH,https://github.com/flash-coin/insight-lite-api/graphs/commit-activity,1,1 contributor
Swarm,SWT,https://github.com/swarmcity/sc-boardwalk/graphs/commit-activity,1,8 contributors
SmartFox,FOX,https://github.com/smartfoxteam/smartfox/graphs/commit-activity,1,1 contributor
Swisscoin,SIC,/graphs/commit-activity,1,
Online,OIO,https://github.com/Online-io/db-migrate-cassandra/graphs/commit-activity,1,3 contributors
Thingschain,TIC,https://github.com/TICnetwork/TIC-token/graphs/commit-activity,1,1 contributor
Soniq,SONIQ,https://github.com/soniqproject/smart-contracts/graphs/commit-activity,1,1 contributor
Plancoin,PLAN,/graphs/commit-activity,1,
Blakecoin,BLC,https://github.com/BlueDragon747/Blakecoin/graphs/commit-activity,1,2 contributors
Jewel,JWL,https://github.com/jeveldev/smartcontracts/graphs/commit-activity,1,1 contributor
EquiTrader,EQT,https://github.com/equitrader/Equitrade/graphs/commit-activity,1,2 contributors
HiCoin,XHI,https://github.com/hicoindev/hicoin/graphs/commit-activity,1,1 contributor
Esports,EST,https://github.com/esportschain/esportstoken/graphs/commit-activity,1,1 contributor
Blocklancer,LNC,https://github.com/BlocklancerOrg/ethReum/graphs/commit-activity,1,4 contributors
Zealium,NZL,https://github.com/zealiumcoin/Zealium/graphs/commit-activity,1,1 contributor
GINcoin,GIN,https://github.com/gincoin-dev/gincoin-core/graphs/commit-activity,1,1 contributor
Mocrow,MCW,https://github.com/salamtura/mcw-token/graphs/commit-activity,1,1 contributor
SwissBorg,CHSB,/graphs/commit-activity,1,1 contributor
Aergo,AERGO,https://github.com/aergoio/athena-371/graphs/commit-activity,1,1 contributor
Wink,WINK,https://github.com/winkchain/wink/graphs/commit-activity,1,
Cosmo,COSM,https://github.com/cosmochain/CosmoCoin/graphs/commit-activity,1,
Advanced,ARC,https://github.com/ArcticCore/arcticcoin/graphs/commit-activity,1,1 contributor
SEER,SEER,https://github.com/seer-project/seer-UI-package/graphs/commit-activity,1,
Bolenum,BLN,https://github.com/Bolenum/Boleno/graphs/commit-activity,1,2 contributors
XEL,XEL,https://github.com/sprocket-fpga/xel_miner/graphs/commit-activity,1,1 contributor
Billionaire,XBL,https://github.com/BillionaireToken/TokenCore/graphs/commit-activity,1,1 contributor
Luna,LSTR,/graphs/commit-activity,1,1 contributor
Odyssey,OCN,https://github.com/OdysseyOCN/OWalletPlatform/graphs/commit-activity,1,1 contributor
CHIPS,CHIPS,https://github.com/DeckerSU/chips3/graphs/commit-activity,1,+100 contributors
Fargocoin,FRGC,https://github.com/fargocoin/fargocoind/graphs/commit-activity,1,
Brickblock,BBK,/graphs/commit-activity,1,2 contributors
Covesting,COV,/graphs/commit-activity,1,2 contributors
Crowdholding,YUP,https://github.com/crowdholding/yup-token/graphs/commit-activity,1,1 contributor
Blackmoon,BMC,https://github.com/blackmoonfg/bmc-contract/graphs/commit-activity,1,1 contributor
XGOX,XGOX,https://github.com/bumbacoin/xgox/graphs/commit-activity,1,2 contributors
Menlo,ONE,https://github.com/MenloOne/whitepapers/graphs/commit-activity,1,1 contributor
NANJCOIN,NANJ,/graphs/commit-activity,1,
Experience,XP,https://github.com/eXperiencePoints/XPCoin/graphs/commit-activity,1,8 contributors
LatiumX,LATX,/graphs/commit-activity,1,1 contributor
STEM,SCC,/graphs/commit-activity,1,1 contributor
Infinipay,IFP,https://github.com/infinipay/infinipay/graphs/commit-activity,1,
NEM,XEM,https://github.com/NemProject/nem.core/graphs/commit-activity,1,4 contributors
Privatix,PRIX,https://github.com/Privatix/smart-contract/graphs/commit-activity,1,4 contributors
SaluS,SLS,https://github.com/saluscoin/SaluS/graphs/commit-activity,1,3 contributors
GMB,GMB,https://github.com/GMBPlatform/wallet-nodejs/graphs/commit-activity,1,1 contributor
Honey,HONEY,https://github.com/cryptofun/honey/graphs/commit-activity,1,4 contributors
Seele,SEELE,https://github.com/seeleteam/research/graphs/commit-activity,1,1 contributor
X-Coin,XCO,https://github.com/jimblasko/xcoin/graphs/commit-activity,1,2 contributors
AmsterdamCoin,AMS,https://github.com/CoinProjects/AmsterdamCoin-v4/graphs/commit-activity,1,+100 contributors
Chronologic,DAY,https://github.com/chronologic/chronologic/graphs/commit-activity,1,7 contributors
